CARRIER,1(a),1(b),2(a),2(b),2(c),3,4,5,6(a),6(b),7,8(a),8(b),8(c),time,uri
AirTran Airways,0,402,0,0,2,404,402,"10,556",0,0,"5,855,058","$186,292",$0,$0,2011_4q,https://www.rita.dot.gov/bts/sites/rita.dot.gov.bts/files/subject_areas/airline_information/passengers_denied_confirmed_space_report/2011/html/2011_4q.html
Alaska Airlines,0,181,0,13,81,275,181,"1,226",13,9,"4,008,655",$0,"$166,961",$0,2011_4q,https://www.rita.dot.gov/bts/sites/rita.dot.gov.bts/files/subject_areas/airline_information/passengers_denied_confirmed_space_report/2011/html/2011_4q.html
American Airlines,305,746,0,353,54,"1,458","1,404","17,326","1,197",225,"18,720,802","$176,354","$821,921",$0,2011_4q,https://www.rita.dot.gov/bts/sites/rita.dot.gov.bts/files/subject_areas/airline_information/passengers_denied_confirmed_space_report/2011/html/2011_4q.html
American Eagle,107,223,8,229,26,593,550,"7,561",0,0,"4,293,651","$43,283","$202,577",$0,2011_4q,https://www.rita.dot.gov/bts/sites/rita.dot.gov.bts/files/subject_areas/airline_information/passengers_denied_confirmed_space_report/2011/html/2011_4q.html
Atlantic Southeast,41,317,7,0,1,366,358,"7,463","4,399",804,"3,426,978","$21,909","$301,664",$0,2011_4q,https://www.rita.dot.gov/bts/sites/rita.dot.gov.bts/files/subject_areas/airline_information/passengers_denied_confirmed_space_report/2011/html/2011_4q.html
Continental Airlines,63,908,13,20,73,"1,077",946,"6,593","1,409","1,317","9,633,366","$23,833","$738,290","$3,438",2011_4q,https://www.rita.dot.gov/bts/sites/rita.dot.gov.bts/files/subject_areas/airline_information/passengers_denied_confirmed_space_report/2011/html/2011_4q.html
Delta Airlines,74,647,6,2,1,730,721,"20,145","37,229","8,991","24,550,823","$42,692","$731,701",$0,2011_4q,https://www.rita.dot.gov/bts/sites/rita.dot.gov.bts/files/subject_areas/airline_information/passengers_denied_confirmed_space_report/2011/html/2011_4q.html
ExpressJet,48,616,1,0,13,678,649,"5,857",0,0,"4,062,518","$20,416","$305,352","$14,923",2011_4q,https://www.rita.dot.gov/bts/sites/rita.dot.gov.bts/files/subject_areas/airline_information/passengers_denied_confirmed_space_report/2011/html/2011_4q.html
Frontier Airlines,8,142,5,51,6,212,47,"1,108",0,0,"2,721,582","$1,271","$25,345",$689,2011_4q,https://www.rita.dot.gov/bts/sites/rita.dot.gov.bts/files/subject_areas/airline_information/passengers_denied_confirmed_space_report/2011/html/2011_4q.html
Hawaiian Airlines,55,0,0,0,0,55,55,225,0,0,"2,152,144","$6,280",$0,"$14,620",2011_4q,https://www.rita.dot.gov/bts/sites/rita.dot.gov.bts/files/subject_areas/airline_information/passengers_denied_confirmed_space_report/2011/html/2011_4q.html
JetBlue Airways,0,0,0,0,11,11,0,56,0,0,"6,291,058",0,$0,"$17,862",2011_4q,https://www.rita.dot.gov/bts/sites/rita.dot.gov.bts/files/subject_areas/airline_information/passengers_denied_confirmed_space_report/2011/html/2011_4q.html
Mesa Airlines,363,81,39,7,12,495,367,"2,226",564,"1,132","1,844,739","$209,901","$12,145",$0,2011_4q,https://www.rita.dot.gov/bts/sites/rita.dot.gov.bts/files/subject_areas/airline_information/passengers_denied_confirmed_space_report/2011/html/2011_4q.html
SkyWest Airlines,60,331,4,4,7,406,392,"10,520","5,545","2,190","6,009,979","$23,996","$255,294",$0,2011_4q,https://www.rita.dot.gov/bts/sites/rita.dot.gov.bts/files/subject_areas/airline_information/passengers_denied_confirmed_space_report/2011/html/2011_4q.html
Southwest Airlines,447,305,0,0,612,"1,364",752,"11,201",0,0,"27,712,179","$371,310","$222,999",$0,2011_4q,https://www.rita.dot.gov/bts/sites/rita.dot.gov.bts/files/subject_areas/airline_information/passengers_denied_confirmed_space_report/2011/html/2011_4q.html
United Airlines,165,610,0,134,3,912,912,"13,413","16,892","10,147","10,601,398","$124,410","$559,211","$12,000",2011_4q,https://www.rita.dot.gov/bts/sites/rita.dot.gov.bts/files/subject_areas/airline_information/passengers_denied_confirmed_space_report/2011/html/2011_4q.html
US Airways,996,0,69,5,86,"1,156",996,"8,325",0,"2,872","13,334,767","$792,310",$0,$0,2011_4q,https://www.rita.dot.gov/bts/sites/rita.dot.gov.bts/files/subject_areas/airline_information/passengers_denied_confirmed_space_report/2011/html/2011_4q.html
AirTran Airways,0,360,0,0,9,369,360,"13,380",0,0,"6,533,019","$80,825",$0,$0,2011_3q,https://www.rita.dot.gov/bts/sites/rita.dot.gov.bts/files/subject_areas/airline_information/passengers_denied_confirmed_space_report/2011/html/2011_3q.html
Alaska Airlines,0,147,20,10,92,269,147,"1,424",85,2,"4,590,676",$0,"$126,264",$0,2011_3q,https://www.rita.dot.gov/bts/sites/rita.dot.gov.bts/files/subject_areas/airline_information/passengers_denied_confirmed_space_report/2011/html/2011_3q.html
American Airlines,515,671,0,445,46,"1,677","1,631","18,097","1,803",172,"19,890,022","$176,168","$436,629",$0,2011_3q,https://www.rita.dot.gov/bts/sites/rita.dot.gov.bts/files/subject_areas/airline_information/passengers_denied_confirmed_space_report/2011/html/2011_3q.html
American Eagle,161,158,3,483,22,827,791,"7,556",0,0,"4,449,341","$39,864","$83,126",$0,2011_3q,https://www.rita.dot.gov/bts/sites/rita.dot.gov.bts/files/subject_areas/airline_information/passengers_denied_confirmed_space_report/2011/html/2011_3q.html
Atlantic Southeast,38,343,10,0,2,393,381,"10,215","6,337",837,"3,723,441","$9,652","$268,311",$0,2011_3q,https://www.rita.dot.gov/bts/sites/rita.dot.gov.bts/files/subject_areas/airline_information/passengers_denied_confirmed_space_report/2011/html/2011_3q.html
Continental Airlines,61,"1,273",73,121,129,"1,657","1,441","8,628","2,531","1,151","10,157,979","$11,208","$532,014","$17,758",2011_3q,https://www.rita.dot.gov/bts/sites/rita.dot.gov.bts/files/subject_areas/airline_information/passengers_denied_confirmed_space_report/2011/html/2011_3q.html
Delta Air Lines,92,926,9,2,7,"1,036","1,018","30,608","68,871","11,730","27,524,156","$37,493","$843,719",$0,2011_3q,https://www.rita.dot.gov/bts/sites/rita.dot.gov.bts/files/subject_areas/airline_information/passengers_denied_confirmed_space_report/2011/html/2011_3q.html
ExpressJet,163,702,19,0,35,919,872,"7,699",0,0,"4,367,314","$24,850","$288,315","$6,309",2011_3q,https://www.rita.dot.gov/bts/sites/rita.dot.gov.bts/files/subject_areas/airline_information/passengers_denied_confirmed_space_report/2011/html/2011_3q.html
Frontier Airlines,14,213,6,88,9,330,23,"1,297",0,0,"3,045,475",$297,"$7,564",$512,2011_3q,https://www.rita.dot.gov/bts/sites/rita.dot.gov.bts/files/subject_areas/airline_information/passengers_denied_confirmed_space_report/2011/html/2011_3q.html
Hawaiian Airlines,3,0,0,0,0,3,3,171,0,0,"2,266,585","$2,760",$0,"$1,200",2011_3q,https://www.rita.dot.gov/bts/sites/rita.dot.gov.bts/files/subject_areas/airline_information/passengers_denied_confirmed_space_report/2011/html/2011_3q.html
JetBlue Airways,8,0,0,0,0,8,8,16,0,0,"7,015,965","$9,600",$0,"$3,930",2011_3q,https://www.rita.dot.gov/bts/sites/rita.dot.gov.bts/files/subject_areas/airline_information/passengers_denied_confirmed_space_report/2011/html/2011_3q.html
Mesa Airlines,253,52,43,4,35,387,268,"2,953",763,880,"2,097,955","$93,305","$6,015",$0,2011_3q,https://www.rita.dot.gov/bts/sites/rita.dot.gov.bts/files/subject_areas/airline_information/passengers_denied_confirmed_space_report/2011/html/2011_3q.html
SkyWest Airlines,77,358,8,6,33,482,442,"12,506","8,920","2,641","6,624,658","$16,706","$191,803","$1,200",2011_3q,https://www.rita.dot.gov/bts/sites/rita.dot.gov.bts/files/subject_areas/airline_information/passengers_denied_confirmed_space_report/2011/html/2011_3q.html
Southwest Airlines,524,320,0,0,739,"1,583",844,"14,335",0,0,"28,539,135","$275,991","$163,491",$0,2011_3q,https://www.rita.dot.gov/bts/sites/rita.dot.gov.bts/files/subject_areas/airline_information/passengers_denied_confirmed_space_report/2011/html/2011_3q.html
United Air Lines,337,841,0,278,0,"1,456","1,456","20,197","29,810","14,378","12,287,697","$181,257","$561,880","$27,964",2011_3q,https://www.rita.dot.gov/bts/sites/rita.dot.gov.bts/files/subject_areas/airline_information/passengers_denied_confirmed_space_report/2011/html/2011_3q.html
US Airways,892,0,76,6,146,"1,120",892,"8,767",0,"3,890","13,743,223","$384,252",$0,$0,2011_3q,https://www.rita.dot.gov/bts/sites/rita.dot.gov.bts/files/subject_areas/airline_information/passengers_denied_confirmed_space_report/2011/html/2011_3q.html
AirTran Airways,0,271,0,0,13,284,271,"11,766",0,0,"6,704,438","$49,841",$0,$0,2011_2q,https://www.rita.dot.gov/bts/sites/rita.dot.gov.bts/files/subject_areas/airline_information/passengers_denied_confirmed_space_report/2011/html/2011_2q.html
Alaska Airlines,0,194,53,41,96,384,194,"1,592",138,19,"4,242,336",$0,"$133,355",$0,2011_2q,https://www.rita.dot.gov/bts/sites/rita.dot.gov.bts/files/subject_areas/airline_information/passengers_denied_confirmed_space_report/2011/html/2011_2q.html
American Airlines,760,340,10,504,56,"1,660","1,604","15,587","1,369",269,"19,650,620","$249,274","$156,420",$0,2011_2q,https://www.rita.dot.gov/bts/sites/rita.dot.gov.bts/files/subject_areas/airline_information/passengers_denied_confirmed_space_report/2011/html/2011_2q.html
American Eagle,417,63,11,802,52,"1,345","1,251","7,647",0,0,"4,377,094","$67,455","$23,178",$0,2011_2q,https://www.rita.dot.gov/bts/sites/rita.dot.gov.bts/files/subject_areas/airline_information/passengers_denied_confirmed_space_report/2011/html/2011_2q.html
Atlantic Southeast,39,294,10,0,3,346,333,"11,694","5,558",921,"3,708,749","$8,492","$167,274",$0,2011_2q,https://www.rita.dot.gov/bts/sites/rita.dot.gov.bts/files/subject_areas/airline_information/passengers_denied_confirmed_space_report/2011/html/2011_2q.html
Continental Airlines,75,"1,266",18,234,119,"1,712","1,555","7,981","1,872","1,398","10,177,417","$13,499","$461,277","$7,520",2011_2q,https://www.rita.dot.gov/bts/sites/rita.dot.gov.bts/files/subject_areas/airline_information/passengers_denied_confirmed_space_report/2011/html/2011_2q.html
Delta Air Lines,40,696,22,2,3,763,736,"28,195","49,330","11,480","26,752,092","$12,635","$461,027",$0,2011_2q,https://www.rita.dot.gov/bts/sites/rita.dot.gov.bts/files/subject_areas/airline_information/passengers_denied_confirmed_space_report/2011/html/2011_2q.html
ExpressJet,74,662,24,0,51,811,752,"7,985",0,0,"4,339,911","$13,291","$185,327","$8,256",2011_2q,https://www.rita.dot.gov/bts/sites/rita.dot.gov.bts/files/subject_areas/airline_information/passengers_denied_confirmed_space_report/2011/html/2011_2q.html
Frontier Airlines,7,191,6,36,8,248,10,"1,201",0,0,"2,638,684",$323,"$3,802",$600,2011_2q,https://www.rita.dot.gov/bts/sites/rita.dot.gov.bts/files/subject_areas/airline_information/passengers_denied_confirmed_space_report/2011/html/2011_2q.html
Hawaiian Airlines,9,0,0,0,0,9,9,146,0,0,"2,151,581",$836,$0,"$1,800",2011_2q,https://www.rita.dot.gov/bts/sites/rita.dot.gov.bts/files/subject_areas/airline_information/passengers_denied_confirmed_space_report/2011/html/2011_2q.html
JetBlue Airways,0,0,0,0,0,0,0,9,0,0,"6,622,343",0,$0,"$3,430",2011_2q,https://www.rita.dot.gov/bts/sites/rita.dot.gov.bts/files/subject_areas/airline_information/passengers_denied_confirmed_space_report/2011/html/2011_2q.html
Mesa Airlines,421,23,39,4,54,541,416,"2,125",349,131,"1,794,852","$135,053",$0,$0,2011_2q,https://www.rita.dot.gov/bts/sites/rita.dot.gov.bts/files/subject_areas/airline_information/passengers_denied_confirmed_space_report/2011/html/2011_2q.html
SkyWest Airlines,55,269,4,0,8,336,324,"11,295","6,384","1,633","6,210,623","$5,477","$95,390",$0,2011_2q,https://www.rita.dot.gov/bts/sites/rita.dot.gov.bts/files/subject_areas/airline_information/passengers_denied_confirmed_space_report/2011/html/2011_2q.html
Southwest Airlines,757,683,0,0,662,"2,102","1,440","15,391",0,0,"28,919,972","$359,121","$343,588",$0,2011_2q,https://www.rita.dot.gov/bts/sites/rita.dot.gov.bts/files/subject_areas/airline_information/passengers_denied_confirmed_space_report/2011/html/2011_2q.html
United Air Lines,161,624,0,224,0,"1,009","1,009","20,817","32,661","8,621","11,791,428","$64,550","$345,483","$10,324",2011_2q,https://www.rita.dot.gov/bts/sites/rita.dot.gov.bts/files/subject_areas/airline_information/passengers_denied_confirmed_space_report/2011/html/2011_2q.html
US Airways,"1,299",0,157,7,127,"1,590","1,299","11,524",0,"3,366","14,011,454","$619,354",$0,$0,2011_2q,https://www.rita.dot.gov/bts/sites/rita.dot.gov.bts/files/subject_areas/airline_information/passengers_denied_confirmed_space_report/2011/html/2011_2q.html
AirTran Airways,0,654,0,0,9,663,654,"7,000",0,0,"4,906,630","$337,694",$0,$0,2012_4q,https://www.rita.dot.gov/bts/sites/rita.dot.gov.bts/files/subject_areas/airline_information/passengers_denied_confirmed_space_report/2012/html/2012_4q.html
Alaska Airlines,0,145,0,44,108,297,145,"1,162",19,11,"4,218,458",$0,"$236,196",$0,2012_4q,https://www.rita.dot.gov/bts/sites/rita.dot.gov.bts/files/subject_areas/airline_information/passengers_denied_confirmed_space_report/2012/html/2012_4q.html
American Airlines,114,853,0,394,28,"1,389","1,361","14,442",968,237,"18,536,509","$51,087","$866,451",$0,2012_4q,https://www.rita.dot.gov/bts/sites/rita.dot.gov.bts/files/subject_areas/airline_information/passengers_denied_confirmed_space_report/2012/html/2012_4q.html
American Eagle,30,160,0,200,16,412,396,"4,265",52,4,"4,433,663","$11,279","$130,564",$0,2012_4q,https://www.rita.dot.gov/bts/sites/rita.dot.gov.bts/files/subject_areas/airline_information/passengers_denied_confirmed_space_report/2012/html/2012_4q.html
Delta Airlines,90,"1,792",125,8,6,"2,021","1,882","31,031","35,934","11,719","25,496,756","$51,688","$2,066,507",$0,2012_4q,https://www.rita.dot.gov/bts/sites/rita.dot.gov.bts/files/subject_areas/airline_information/passengers_denied_confirmed_space_report/2012/html/2012_4q.html
ExpressJet,36,"1,517",79,27,18,"1,677","1,512","13,374","4,584","1,735","7,729,179","$40,414","$1,121,100","$36,918",2012_4q,https://www.rita.dot.gov/bts/sites/rita.dot.gov.bts/files/subject_areas/airline_information/passengers_denied_confirmed_space_report/2012/html/2012_4q.html
Frontier Airlines,5,62,5,28,5,105,7,426,0,0,"2,537,924",$227,"$4,899","$2,215",2012_4q,https://www.rita.dot.gov/bts/sites/rita.dot.gov.bts/files/subject_areas/airline_information/passengers_denied_confirmed_space_report/2012/html/2012_4q.html
Hawaiian Airlines,41,0,0,0,0,41,41,219,0,0,"2,410,581","$10,907",$0,"$11,350",2012_4q,https://www.rita.dot.gov/bts/sites/rita.dot.gov.bts/files/subject_areas/airline_information/passengers_denied_confirmed_space_report/2012/html/2012_4q.html
JetBlue Airways,13,0,0,0,0,13,13,54,0,0,"6,573,215","$9,688",$0,"$22,324",2012_4q,https://www.rita.dot.gov/bts/sites/rita.dot.gov.bts/files/subject_areas/airline_information/passengers_denied_confirmed_space_report/2012/html/2012_4q.html
Mesa Airlines,379,107,29,3,11,512,464,"1,510",17,"1,263","1,899,862","$226,733","$70,459","$5,180",2012_4q,https://www.rita.dot.gov/bts/sites/rita.dot.gov.bts/files/subject_areas/airline_information/passengers_denied_confirmed_space_report/2012/html/2012_4q.html
SkyWest Airlines,111,"1,484",67,133,16,"1,811","1,628","11,119","6,405","1,338","6,419,001","$85,752","$923,142","$34,143",2012_4q,https://www.rita.dot.gov/bts/sites/rita.dot.gov.bts/files/subject_areas/airline_information/passengers_denied_confirmed_space_report/2012/html/2012_4q.html
Southwest Airlines,788,370,0,0,937,"2,095","1,158","13,851",0,0,"27,876,734","$692,490","$345,494",$0,2012_4q,https://www.rita.dot.gov/bts/sites/rita.dot.gov.bts/files/subject_areas/airline_information/passengers_denied_confirmed_space_report/2012/html/2012_4q.html
United Airlines,13,"1,805",45,914,69,"2,846","2,600","13,198","6,660","2,985","18,696,707","$52,076","$1,553,151","$41,206",2012_4q,https://www.rita.dot.gov/bts/sites/rita.dot.gov.bts/files/subject_areas/airline_information/passengers_denied_confirmed_space_report/2012/html/2012_4q.html
US Airways,625,0,38,0,56,719,625,"6,398",0,"2,602","13,577,101","$540,853",$0,$0,2012_4q,https://www.rita.dot.gov/bts/sites/rita.dot.gov.bts/files/subject_areas/airline_information/passengers_denied_confirmed_space_report/2012/html/2012_4q.html
Virgin America,12,0,3,0,3,18,12,30,19,31,"1,499,063","$6,662",$401,"$6,853",2012_4q,https://www.rita.dot.gov/bts/sites/rita.dot.gov.bts/files/subject_areas/airline_information/passengers_denied_confirmed_space_report/2012/html/2012_4q.html
AirTran Airways,0,360,0,0,5,365,360,"9,041",0,0,"5,658,334","$144,908",$0,$0,2012_3q,https://www.rita.dot.gov/bts/sites/rita.dot.gov.bts/files/subject_areas/airline_information/passengers_denied_confirmed_space_report/2012/html/2012_3q.html
Alaska Airlines,0,154,0,31,98,283,154,"1,365",20,7,"4,767,167",$0,"$246,478",$0,2012_3q,https://www.rita.dot.gov/bts/sites/rita.dot.gov.bts/files/subject_areas/airline_information/passengers_denied_confirmed_space_report/2012/html/2012_3q.html
American Airlines,180,860,0,269,46,"1,355","1,309","16,131","1,301",131,"19,277,469","$96,083","$897,626",$0,2012_3q,https://www.rita.dot.gov/bts/sites/rita.dot.gov.bts/files/subject_areas/airline_information/passengers_denied_confirmed_space_report/2012/html/2012_3q.html
American Eagle,49,160,9,159,25,402,359,"5,098",0,0,"4,762,988","$18,891","$126,247",$0,2012_3q,https://www.rita.dot.gov/bts/sites/rita.dot.gov.bts/files/subject_areas/airline_information/passengers_denied_confirmed_space_report/2012/html/2012_3q.html
Delta Air Lines,110,969,166,9,0,"1,254","1,079","33,809","65,443","13,468","28,164,144","$60,584","$1,063,410",$0,2012_3q,https://www.rita.dot.gov/bts/sites/rita.dot.gov.bts/files/subject_areas/airline_information/passengers_denied_confirmed_space_report/2012/html/2012_3q.html
ExpressJet,75,"1,784",101,32,17,"2,009","1,867","16,699","5,483","1,385","8,193,856","$49,078","$1,242,909","$50,111",2012_3q,https://www.rita.dot.gov/bts/sites/rita.dot.gov.bts/files/subject_areas/airline_information/passengers_denied_confirmed_space_report/2012/html/2012_3q.html
Frontier Airlines,13,140,12,158,10,333,26,"1,059",0,0,"2,779,046",$896,"$18,215","$3,251",2012_3q,https://www.rita.dot.gov/bts/sites/rita.dot.gov.bts/files/subject_areas/airline_information/passengers_denied_confirmed_space_report/2012/html/2012_3q.html
Hawaiian Airlines,33,3,0,0,0,36,36,325,0,0,"2,518,738","$6,318","$1,274","$2,915",2012_3q,https://www.rita.dot.gov/bts/sites/rita.dot.gov.bts/files/subject_areas/airline_information/passengers_denied_confirmed_space_report/2012/html/2012_3q.html
JetBlue Airways,8,0,0,0,2,10,8,77,0,0,"7,138,623","$2,230",$0,"$30,525",2012_3q,https://www.rita.dot.gov/bts/sites/rita.dot.gov.bts/files/subject_areas/airline_information/passengers_denied_confirmed_space_report/2012/html/2012_3q.html
Mesa Airlines,296,121,59,0,14,490,459,"1,637",26,"1,608","1,957,583","$180,031","$70,999","$3,900",2012_3q,https://www.rita.dot.gov/bts/sites/rita.dot.gov.bts/files/subject_areas/airline_information/passengers_denied_confirmed_space_report/2012/html/2012_3q.html
SkyWest Airlines,172,"1,247",38,92,28,"1,577","1,471","10,281","6,236",796,"6,868,429","$105,927","$797,701","$30,509",2012_3q,https://www.rita.dot.gov/bts/sites/rita.dot.gov.bts/files/subject_areas/airline_information/passengers_denied_confirmed_space_report/2012/html/2012_3q.html
Southwest Airlines,867,363,0,0,"1,111","2,341","1,230","19,272",0,0,"29,334,383","$682,792","$303,985",$0,2012_3q,https://www.rita.dot.gov/bts/sites/rita.dot.gov.bts/files/subject_areas/airline_information/passengers_denied_confirmed_space_report/2012/html/2012_3q.html
United Air Lines,137,"2,085",144,"1,553",95,"4,014","3,767","22,443","13,866","2,903","21,082,126","$118,500","$1,657,551","$84,382",2012_3q,https://www.rita.dot.gov/bts/sites/rita.dot.gov.bts/files/subject_areas/airline_information/passengers_denied_confirmed_space_report/2012/html/2012_3q.html
US Airways,808,0,61,1,119,989,808,"7,100",0,"4,280","14,000,602","$635,726",$0,$0,2012_3q,https://www.rita.dot.gov/bts/sites/rita.dot.gov.bts/files/subject_areas/airline_information/passengers_denied_confirmed_space_report/2012/html/2012_3q.html
Virgin America,5,4,0,0,2,11,9,2,1,0,"1,663,716","$1,000","$2,600",$500,2012_3q,https://www.rita.dot.gov/bts/sites/rita.dot.gov.bts/files/subject_areas/airline_information/passengers_denied_confirmed_space_report/2012/html/2012_3q.html
AirTran Airways,0,567,0,0,34,601,567,"12,026",0,0,"5,990,763","$277,201",$0,$0,2012_2q,https://www.rita.dot.gov/bts/sites/rita.dot.gov.bts/files/subject_areas/airline_information/passengers_denied_confirmed_space_report/2012/html/2012_2q.html
Alaska Airlines,0,166,0,22,88,276,166,"1,281",33,0,"4,478,826",$0,"$176,453",$0,2012_2q,https://www.rita.dot.gov/bts/sites/rita.dot.gov.bts/files/subject_areas/airline_information/passengers_denied_confirmed_space_report/2012/html/2012_2q.html
American Airlines,210,904,0,169,66,"1,349","1,283","15,263","1,475",131,"19,749,730","$83,042","$847,781",$800,2012_2q,https://www.rita.dot.gov/bts/sites/rita.dot.gov.bts/files/subject_areas/airline_information/passengers_denied_confirmed_space_report/2012/html/2012_2q.html
American Eagle,75,256,5,156,36,528,483,"6,767",0,0,"4,820,334","$22,762","$220,115",$0,2012_2q,https://www.rita.dot.gov/bts/sites/rita.dot.gov.bts/files/subject_areas/airline_information/passengers_denied_confirmed_space_report/2012/html/2012_2q.html
Delta Air Lines,69,825,117,31,2,"1,044",894,"28,487","47,764","10,517","27,142,748","$39,302","$934,058",$0,2012_2q,https://www.rita.dot.gov/bts/sites/rita.dot.gov.bts/files/subject_areas/airline_information/passengers_denied_confirmed_space_report/2012/html/2012_2q.html
ExpressJet,103,"1,297",74,69,34,"1,577","1,471","14,476","4,043",910,"7,989,888","$43,618","$886,114","$43,654",2012_2q,https://www.rita.dot.gov/bts/sites/rita.dot.gov.bts/files/subject_areas/airline_information/passengers_denied_confirmed_space_report/2012/html/2012_2q.html
Frontier Airlines,7,132,8,108,6,261,20,798,0,0,"2,597,591",$795,"$13,598","$2,251",2012_2q,https://www.rita.dot.gov/bts/sites/rita.dot.gov.bts/files/subject_areas/airline_information/passengers_denied_confirmed_space_report/2012/html/2012_2q.html
Hawaiian Airlines,11,0,0,0,0,11,11,189,0,0,"2,328,787","$1,769",$0,"$2,100",2012_2q,https://www.rita.dot.gov/bts/sites/rita.dot.gov.bts/files/subject_areas/airline_information/passengers_denied_confirmed_space_report/2012/html/2012_2q.html
JetBlue Airways,11,1,0,0,0,12,12,114,0,0,"6,832,293","$6,105","$1,300","$49,389",2012_2q,https://www.rita.dot.gov/bts/sites/rita.dot.gov.bts/files/subject_areas/airline_information/passengers_denied_confirmed_space_report/2012/html/2012_2q.html
Mesa Airlines,265,146,35,2,33,481,346,"2,566",15,"1,266","1,863,476","$187,933","$43,941","$9,063",2012_2q,https://www.rita.dot.gov/bts/sites/rita.dot.gov.bts/files/subject_areas/airline_information/passengers_denied_confirmed_space_report/2012/html/2012_2q.html
SkyWest Airlines,199,"1,255",82,87,7,"1,630","1,535","10,932","4,556",775,"6,637,699","$105,792","$729,869","$43,003",2012_2q,https://www.rita.dot.gov/bts/sites/rita.dot.gov.bts/files/subject_areas/airline_information/passengers_denied_confirmed_space_report/2012/html/2012_2q.html
Southwest Airlines,"1,284",528,0,0,"1,278","3,090","1,812","21,474",0,0,"29,290,547","$1,044,307","$453,781",$0,2012_2q,https://www.rita.dot.gov/bts/sites/rita.dot.gov.bts/files/subject_areas/airline_information/passengers_denied_confirmed_space_report/2012/html/2012_2q.html
United Air Lines,204,"2,792",79,"1,206",169,"4,450","4,151","22,500","9,228","2,852","21,099,463","$81,078","$2,104,776","$95,183",2012_2q,https://www.rita.dot.gov/bts/sites/rita.dot.gov.bts/files/subject_areas/airline_information/passengers_denied_confirmed_space_report/2012/html/2012_2q.html
US Airways,927,0,46,0,100,"1,073",927,"6,791",0,"3,002","14,144,925","$779,145",$0,$0,2012_2q,https://www.rita.dot.gov/bts/sites/rita.dot.gov.bts/files/subject_areas/airline_information/passengers_denied_confirmed_space_report/2012/html/2012_2q.html
Virgin America,0,0,0,0,4,4,0,3,1,1,"1,600,351",$0,$0,$825,2012_2q,https://www.rita.dot.gov/bts/sites/rita.dot.gov.bts/files/subject_areas/airline_information/passengers_denied_confirmed_space_report/2012/html/2012_2q.html
AirTran Airways,0,429,0,0,2,431,429,"10,427",0,0,"5,188,466","$268,773",$0,$0,2012_1q,https://www.rita.dot.gov/bts/sites/rita.dot.gov.bts/files/subject_areas/airline_information/passengers_denied_confirmed_space_report/2012/html/2012_1q.html
Alaska Airlines,0,123,0,27,97,247,123,"1,465",19,4,"3,910,885",$0,"$207,684",$0,2012_1q,https://www.rita.dot.gov/bts/sites/rita.dot.gov.bts/files/subject_areas/airline_information/passengers_denied_confirmed_space_report/2012/html/2012_1q.html
American Airlines,221,899,0,328,30,"1,478","1,448","14,589","1,142",210,"18,320,011","$168,607","$916,149",$0,2012_1q,https://www.rita.dot.gov/bts/sites/rita.dot.gov.bts/files/subject_areas/airline_information/passengers_denied_confirmed_space_report/2012/html/2012_1q.html
American Eagle,72,263,7,238,23,603,556,"6,437",0,0,"4,098,471","$32,838","$206,312",$0,2012_1q,https://www.rita.dot.gov/bts/sites/rita.dot.gov.bts/files/subject_areas/airline_information/passengers_denied_confirmed_space_report/2012/html/2012_1q.html
Delta Air Lines,93,883,37,9,1,"1,023",976,"28,208","26,713","8,578","23,153,402","$54,580","$1,011,119",$0,2012_1q,https://www.rita.dot.gov/bts/sites/rita.dot.gov.bts/files/subject_areas/airline_information/passengers_denied_confirmed_space_report/2012/html/2012_1q.html
ExpressJet,63,"1,173",26,27,12,"1,301","1,224","13,962","3,330",854,"6,940,867","$33,365","$834,540","$10,147",2012_1q,https://www.rita.dot.gov/bts/sites/rita.dot.gov.bts/files/subject_areas/airline_information/passengers_denied_confirmed_space_report/2012/html/2012_1q.html
Frontier Airlines,5,68,3,29,4,109,17,399,0,0,"2,409,538",$886,"$14,409","$4,755",2012_1q,https://www.rita.dot.gov/bts/sites/rita.dot.gov.bts/files/subject_areas/airline_information/passengers_denied_confirmed_space_report/2012/html/2012_1q.html
Hawaiian Airlines,80,0,0,0,0,80,80,174,0,0,"2,218,145","$21,234",$0,$200,2012_1q,https://www.rita.dot.gov/bts/sites/rita.dot.gov.bts/files/subject_areas/airline_information/passengers_denied_confirmed_space_report/2012/html/2012_1q.html
JetBlue Airways,4,0,0,0,0,4,4,0,0,0,"6,371,852","$5,200",$0,$0,2012_1q,https://www.rita.dot.gov/bts/sites/rita.dot.gov.bts/files/subject_areas/airline_information/passengers_denied_confirmed_space_report/2012/html/2012_1q.html
Mesa Airlines,320,92,19,1,14,446,370,"1,900",307,"1,227","1,877,874","$233,881","$32,816",$300,2012_1q,https://www.rita.dot.gov/bts/sites/rita.dot.gov.bts/files/subject_areas/airline_information/passengers_denied_confirmed_space_report/2012/html/2012_1q.html
SkyWest Airlines,145,790,17,11,9,972,932,"11,901","4,050","1,809","5,942,158","$77,404","$584,554","$13,518",2012_1q,https://www.rita.dot.gov/bts/sites/rita.dot.gov.bts/files/subject_areas/airline_information/passengers_denied_confirmed_space_report/2012/html/2012_1q.html
Southwest Airlines,802,356,0,0,806,"1,964","1,158","14,755",0,0,"26,029,507","$645,399","$298,244",$0,2012_1q,https://www.rita.dot.gov/bts/sites/rita.dot.gov.bts/files/subject_areas/airline_information/passengers_denied_confirmed_space_report/2012/html/2012_1q.html
United Air Lines,167,"2,589",59,171,98,"3,084","2,853","21,120","11,652","8,158","17,850,152","$87,919","$1,545,480","$30,399",2012_1q,https://www.rita.dot.gov/bts/sites/rita.dot.gov.bts/files/subject_areas/airline_information/passengers_denied_confirmed_space_report/2012/html/2012_1q.html
US Airways,832,0,52,10,80,974,832,"7,475",0,"2,261","13,514,441","$714,486",$0,$0,2012_1q,https://www.rita.dot.gov/bts/sites/rita.dot.gov.bts/files/subject_areas/airline_information/passengers_denied_confirmed_space_report/2012/html/2012_1q.html
Virgin,2,0,0,0,10,12,3,14,0,0,"1,402,246","$2,256",$700,"$7,651",2012_1q,https://www.rita.dot.gov/bts/sites/rita.dot.gov.bts/files/subject_areas/airline_information/passengers_denied_confirmed_space_report/2012/html/2012_1q.html
AirTran Airways,0,472,0,0,30,502,472,"3,507",0,0,"3,822,884","$330,009",$0,$0,2013_4q,https://www.rita.dot.gov/bts/sites/rita.dot.gov.bts/files/subject_areas/airline_information/passengers_denied_confirmed_space_report/2013/html/2013_4q.html
Alaska Airlines,0,72,0,15,40,127,72,754,82,5,"4,436,523",$0,"$111,570",$0,2013_4q,https://www.rita.dot.gov/bts/sites/rita.dot.gov.bts/files/subject_areas/airline_information/passengers_denied_confirmed_space_report/2013/html/2013_4q.html
American Airlines,88,423,0,136,30,677,647,"12,864",819,117,"18,664,581","$42,098","$463,467",$0,2013_4q,https://www.rita.dot.gov/bts/sites/rita.dot.gov.bts/files/subject_areas/airline_information/passengers_denied_confirmed_space_report/2013/html/2013_4q.html
American Eagle,44,174,0,324,6,548,542,"5,018",35,2,"4,098,294","$12,772","$169,943",$0,2013_4q,https://www.rita.dot.gov/bts/sites/rita.dot.gov.bts/files/subject_areas/airline_information/passengers_denied_confirmed_space_report/2013/html/2013_4q.html
Delta Air Lines,86,"1,246",9,2,16,"1,359","1,332","19,924","22,815","13,980","26,365,699","$51,804","$1,462,992",$0,2013_4q,https://www.rita.dot.gov/bts/sites/rita.dot.gov.bts/files/subject_areas/airline_information/passengers_denied_confirmed_space_report/2013/html/2013_4q.html
Endeavor Airlines,29,215,2,0,3,249,244,"4,958","4,118","1,525","3,036,170","$16,069","$230,556",$0,2013_4q,https://www.rita.dot.gov/bts/sites/rita.dot.gov.bts/files/subject_areas/airline_information/passengers_denied_confirmed_space_report/2013/html/2013_4q.html
ExpressJet,115,"1,684",51,35,23,"1,908","1,821","13,427","4,685","1,872","7,769,435","$54,558","$1,341,374",$0,2013_4q,https://www.rita.dot.gov/bts/sites/rita.dot.gov.bts/files/subject_areas/airline_information/passengers_denied_confirmed_space_report/2013/html/2013_4q.html
Frontier Airlines,10,140,3,98,68,319,48,924,0,0,"2,665,493","$3,522","$63,580","$1,562",2013_4q,https://www.rita.dot.gov/bts/sites/rita.dot.gov.bts/files/subject_areas/airline_information/passengers_denied_confirmed_space_report/2013/html/2013_4q.html
Hawaiian Airlines,43,1,0,0,0,44,44,167,0,0,"2,405,889","$7,027","$1,000","$13,734",2013_4q,https://www.rita.dot.gov/bts/sites/rita.dot.gov.bts/files/subject_areas/airline_information/passengers_denied_confirmed_space_report/2013/html/2013_4q.html
JetBlue Airways,1,0,0,0,0,1,1,145,0,0,"6,831,371","$1,000",$0,"$60,277",2013_4q,https://www.rita.dot.gov/bts/sites/rita.dot.gov.bts/files/subject_areas/airline_information/passengers_denied_confirmed_space_report/2013/html/2013_4q.html
Mesa Airlines,269,220,17,0,12,518,479,"1,915",11,957,"2,111,954","$195,611","$221,217",$0,2013_4q,https://www.rita.dot.gov/bts/sites/rita.dot.gov.bts/files/subject_areas/airline_information/passengers_denied_confirmed_space_report/2013/html/2013_4q.html
SkyWest Airlines,219,"1,722",97,82,41,"2,161","2,048","10,214","4,002","1,319","6,395,843","$118,733","$1,294,969",$0,2013_4q,https://www.rita.dot.gov/bts/sites/rita.dot.gov.bts/files/subject_areas/airline_information/passengers_denied_confirmed_space_report/2013/html/2013_4q.html
Southwest Airlines,647,216,0,0,"1,085","1,948",863,"14,512",0,0,"29,378,897","$548,943","$187,944",$0,2013_4q,https://www.rita.dot.gov/bts/sites/rita.dot.gov.bts/files/subject_areas/airline_information/passengers_denied_confirmed_space_report/2013/html/2013_4q.html
United Air Lines,96,"1,585",95,750,75,"2,601","2,457","17,074","5,307","3,107","18,969,272","$52,316","$1,724,751",$0,2013_4q,https://www.rita.dot.gov/bts/sites/rita.dot.gov.bts/files/subject_areas/airline_information/passengers_denied_confirmed_space_report/2013/html/2013_4q.html
US Airways,643,0,67,10,64,784,643,"6,045",0,"2,237","14,228,483","$566,823",$0,$0,2013_4q,https://www.rita.dot.gov/bts/sites/rita.dot.gov.bts/files/subject_areas/airline_information/passengers_denied_confirmed_space_report/2013/html/2013_4q.html
Virgin America,1,0,0,0,0,1,1,104,6,1,"1,555,207",$400,$0,"$27,816",2013_4q,https://www.rita.dot.gov/bts/sites/rita.dot.gov.bts/files/subject_areas/airline_information/passengers_denied_confirmed_space_report/2013/html/2013_4q.html
AirTran Airways,0,271,0,0,5,276,271,"4,799",0,0,"4,452,451","$147,494",$0,$0,2013_3q,https://www.rita.dot.gov/bts/sites/rita.dot.gov.bts/files/subject_areas/airline_information/passengers_denied_confirmed_space_report/2013/html/2013_3q.html
Alaska Airlines,0,137,0,14,94,245,137,"1,048",99,6,"5,098,158",$0,"$242,031",$0,2013_3q,https://www.rita.dot.gov/bts/sites/rita.dot.gov.bts/files/subject_areas/airline_information/passengers_denied_confirmed_space_report/2013/html/2013_3q.html
American Airlines,76,644,0,138,26,884,858,"13,511","1,084",148,"19,549,221","$20,593","$651,312",$0,2013_3q,https://www.rita.dot.gov/bts/sites/rita.dot.gov.bts/files/subject_areas/airline_information/passengers_denied_confirmed_space_report/2013/html/2013_3q.html
American Eagle,21,148,0,140,14,323,309,"4,020",30,7,"4,449,933","$4,979","$123,575",$0,2013_3q,https://www.rita.dot.gov/bts/sites/rita.dot.gov.bts/files/subject_areas/airline_information/passengers_denied_confirmed_space_report/2013/html/2013_3q.html
Delta Air Lines,74,809,22,2,153,"1,060",883,"18,240","42,548","13,203","28,644,455","$45,306","$902,110",$0,2013_3q,https://www.rita.dot.gov/bts/sites/rita.dot.gov.bts/files/subject_areas/airline_information/passengers_denied_confirmed_space_report/2013/html/2013_3q.html
Endeavor Airlines,35,199,0,1,5,240,234,"4,104","3,546",864,"3,291,022","$19,462","$223,049",$0,2013_3q,https://www.rita.dot.gov/bts/sites/rita.dot.gov.bts/files/subject_areas/airline_information/passengers_denied_confirmed_space_report/2013/html/2013_3q.html
ExpressJet,76,997,22,43,20,"1,158","1,104","9,715","5,105","1,807","8,253,891","$29,129","$783,227",$0,2013_3q,https://www.rita.dot.gov/bts/sites/rita.dot.gov.bts/files/subject_areas/airline_information/passengers_denied_confirmed_space_report/2013/html/2013_3q.html
Frontier Airlines,8,189,5,179,35,416,68,"1,169",0,0,"2,842,615","$2,549","$52,596","$1,987",2013_3q,https://www.rita.dot.gov/bts/sites/rita.dot.gov.bts/files/subject_areas/airline_information/passengers_denied_confirmed_space_report/2013/html/2013_3q.html
Hawaiian Airlines,21,0,0,0,0,21,21,199,0,0,"2,644,328","$6,800",$0,"$15,285",2013_3q,https://www.rita.dot.gov/bts/sites/rita.dot.gov.bts/files/subject_areas/airline_information/passengers_denied_confirmed_space_report/2013/html/2013_3q.html
JetBlue Airways,1,1,0,0,0,2,2,61,0,0,"7,381,669",$695,$500,"$27,598",2013_3q,https://www.rita.dot.gov/bts/sites/rita.dot.gov.bts/files/subject_areas/airline_information/passengers_denied_confirmed_space_report/2013/html/2013_3q.html
Mesa Airlines,348,102,23,5,39,494,404,"1,907",7,"1,123","2,298,325","$192,092","$87,711",$0,2013_3q,https://www.rita.dot.gov/bts/sites/rita.dot.gov.bts/files/subject_areas/airline_information/passengers_denied_confirmed_space_report/2013/html/2013_3q.html
SkyWest Airlines,160,"1,053",41,48,26,"1,328","1,252","7,137","5,173","1,262","6,933,277","$79,798","$760,003",$0,2013_3q,https://www.rita.dot.gov/bts/sites/rita.dot.gov.bts/files/subject_areas/airline_information/passengers_denied_confirmed_space_report/2013/html/2013_3q.html
Southwest Airlines,991,465,0,0,"1,094","2,550","1,456","22,614",0,0,"29,421,835","$844,964","$386,798",$0,2013_3q,https://www.rita.dot.gov/bts/sites/rita.dot.gov.bts/files/subject_areas/airline_information/passengers_denied_confirmed_space_report/2013/html/2013_3q.html
United Air Lines,51,"1,043",21,762,89,"1,966","1,817","13,768","10,341","3,147","20,156,960","$20,839","$1,032,390",$0,2013_3q,https://www.rita.dot.gov/bts/sites/rita.dot.gov.bts/files/subject_areas/airline_information/passengers_denied_confirmed_space_report/2013/html/2013_3q.html
US Airways,559,0,86,5,106,756,559,"6,816",0,"4,088","14,851,237","$461,618",$0,$0,2013_3q,https://www.rita.dot.gov/bts/sites/rita.dot.gov.bts/files/subject_areas/airline_information/passengers_denied_confirmed_space_report/2013/html/2013_3q.html
Virgin America,1,0,1,0,0,2,1,60,8,1,"1,661,469",$250,$0,"$17,708",2013_3q,https://www.rita.dot.gov/bts/sites/rita.dot.gov.bts/files/subject_areas/airline_information/passengers_denied_confirmed_space_report/2013/html/2013_3q.html
AirTran Airways,0,671,0,0,12,683,671,"8,832",0,0,"5,031,798","$368,761",$0,$0,2013_2q,https://www.rita.dot.gov/bts/sites/rita.dot.gov.bts/files/subject_areas/airline_information/passengers_denied_confirmed_space_report/2013/html/2013_2q.html
Alaska Airlines,0,104,0,13,35,152,104,877,71,3,"4,780,086",$0,"$119,054",$0,2013_2q,https://www.rita.dot.gov/bts/sites/rita.dot.gov.bts/files/subject_areas/airline_information/passengers_denied_confirmed_space_report/2013/html/2013_2q.html
American Airlines,60,482,0,68,37,647,610,"13,609","1,046",171,"19,581,262","$23,711","$429,465",$200,2013_2q,https://www.rita.dot.gov/bts/sites/rita.dot.gov.bts/files/subject_areas/airline_information/passengers_denied_confirmed_space_report/2013/html/2013_2q.html
American Eagle,43,179,0,269,18,509,491,"5,301",36,7,"4,420,134","$7,654","$158,198",$0,2013_2q,https://www.rita.dot.gov/bts/sites/rita.dot.gov.bts/files/subject_areas/airline_information/passengers_denied_confirmed_space_report/2013/html/2013_2q.html
Delta Air Lines,49,959,620,69,677,"2,374","1,008","20,416","39,428","13,810","27,642,624","$29,400","$1,169,396",$0,2013_2q,https://www.rita.dot.gov/bts/sites/rita.dot.gov.bts/files/subject_areas/airline_information/passengers_denied_confirmed_space_report/2013/html/2013_2q.html
ExpressJet,50,"1,399",90,28,26,"1,593","1,459","11,602","5,388","1,797","8,226,123","$27,073","$1,132,337",$0,2013_2q,https://www.rita.dot.gov/bts/sites/rita.dot.gov.bts/files/subject_areas/airline_information/passengers_denied_confirmed_space_report/2013/html/2013_2q.html
Frontier Airlines,6,171,10,145,25,357,29,908,0,0,"2,589,674","$1,346","$26,456","$1,023",2013_2q,https://www.rita.dot.gov/bts/sites/rita.dot.gov.bts/files/subject_areas/airline_information/passengers_denied_confirmed_space_report/2013/html/2013_2q.html
Hawaiian Airlines,54,2,0,0,0,56,56,449,0,0,"2,481,456","$1,116",$660,"$21,472",2013_2q,https://www.rita.dot.gov/bts/sites/rita.dot.gov.bts/files/subject_areas/airline_information/passengers_denied_confirmed_space_report/2013/html/2013_2q.html
JetBlue Airways,15,0,0,0,0,15,15,126,0,0,"7,188,445","$9,400",$0,"$46,354",2013_2q,https://www.rita.dot.gov/bts/sites/rita.dot.gov.bts/files/subject_areas/airline_information/passengers_denied_confirmed_space_report/2013/html/2013_2q.html
Mesa Airlines,441,159,28,2,18,646,597,"1,725",7,"1,213","2,156,621","$295,441","$103,604",$0,2013_2q,https://www.rita.dot.gov/bts/sites/rita.dot.gov.bts/files/subject_areas/airline_information/passengers_denied_confirmed_space_report/2013/html/2013_2q.html
Pinnacle Airlines,22,194,44,0,21,281,216,"5,144","3,328",961,"3,350,594","$11,868","$217,106",$0,2013_2q,https://www.rita.dot.gov/bts/sites/rita.dot.gov.bts/files/subject_areas/airline_information/passengers_denied_confirmed_space_report/2013/html/2013_2q.html
SkyWest Airlines,145,"1,017",83,101,90,"1,436","1,252","8,049","5,277","1,432","6,875,131","$91,390","$677,668",$0,2013_2q,https://www.rita.dot.gov/bts/sites/rita.dot.gov.bts/files/subject_areas/airline_information/passengers_denied_confirmed_space_report/2013/html/2013_2q.html
Southwest Airlines,"2,077","1,172",0,0,"1,289","4,538","3,249","26,487",0,0,"30,575,862","$1,665,020","$946,298",$0,2013_2q,https://www.rita.dot.gov/bts/sites/rita.dot.gov.bts/files/subject_areas/airline_information/passengers_denied_confirmed_space_report/2013/html/2013_2q.html
United Air Lines,39,"1,028",38,701,50,"1,856","1,747","12,781","6,989","3,577","19,942,776","$29,304","$973,137",$0,2013_2q,https://www.rita.dot.gov/bts/sites/rita.dot.gov.bts/files/subject_areas/airline_information/passengers_denied_confirmed_space_report/2013/html/2013_2q.html
US Airways,773,0,91,7,114,985,773,"8,011",0,"3,262","14,993,178","$599,843",$0,$0,2013_2q,https://www.rita.dot.gov/bts/sites/rita.dot.gov.bts/files/subject_areas/airline_information/passengers_denied_confirmed_space_report/2013/html/2013_2q.html
Virgin America,12,0,0,3,0,12,12,68,7,0,"1,708,688","$8,080",$0,"$26,836",2013_2q,https://www.rita.dot.gov/bts/sites/rita.dot.gov.bts/files/subject_areas/airline_information/passengers_denied_confirmed_space_report/2013/html/2013_2q.html
AirTran Airways,0,834,0,0,7,841,834,"10,336",0,0,"4,525,112","$487,449",$0,$0,2013_1q,https://www.rita.dot.gov/bts/sites/rita.dot.gov.bts/files/subject_areas/airline_information/passengers_denied_confirmed_space_report/2013/html/2013_1q.html
Alaska Airlines,0,124,0,15,51,190,124,"1,155",11,21,"4,203,186",$0,"$131,215",$0,2013_1q,https://www.rita.dot.gov/bts/sites/rita.dot.gov.bts/files/subject_areas/airline_information/passengers_denied_confirmed_space_report/2013/html/2013_1q.html
American Airlines,126,678,0,182,39,"1,025",986,"12,822","1,078",223,"18,267,561","$49,157","$638,099",$0,2013_1q,https://www.rita.dot.gov/bts/sites/rita.dot.gov.bts/files/subject_areas/airline_information/passengers_denied_confirmed_space_report/2013/html/2013_1q.html
American Eagle,35,227,0,264,17,543,526,"5,320",73,10,"3,971,731","$8,304","$191,631",$0,2013_1q,https://www.rita.dot.gov/bts/sites/rita.dot.gov.bts/files/subject_areas/airline_information/passengers_denied_confirmed_space_report/2013/html/2013_1q.html
Delta Air Lines,76,847,197,18,139,"1,277",923,"22,445","27,969","11,651","24,130,377","$41,526","$987,176",$0,2013_1q,https://www.rita.dot.gov/bts/sites/rita.dot.gov.bts/files/subject_areas/airline_information/passengers_denied_confirmed_space_report/2013/html/2013_1q.html
ExpressJet,30,"1,616",63,22,32,"1,763","1,610","13,100","3,999","2,343","7,107,265","$29,071","$1,070,441","$32,225",2013_1q,https://www.rita.dot.gov/bts/sites/rita.dot.gov.bts/files/subject_areas/airline_information/passengers_denied_confirmed_space_report/2013/html/2013_1q.html
Frontier Airlines,4,118,3,48,7,180,18,492,0,0,"2,264,114",$898,"$1,372,444",$498,2013_1q,https://www.rita.dot.gov/bts/sites/rita.dot.gov.bts/files/subject_areas/airline_information/passengers_denied_confirmed_space_report/2013/html/2013_1q.html
Hawaiian Airlines,51,0,0,0,0,51,51,332,0,0,"2,397,157","$7,837",$0,"$13,717",2013_1q,https://www.rita.dot.gov/bts/sites/rita.dot.gov.bts/files/subject_areas/airline_information/passengers_denied_confirmed_space_report/2013/html/2013_1q.html
JetBlue Airways,1,0,0,0,0,1,1,170,0,0,"6,765,286","$1,300",$0,"$61,250",2013_1q,https://www.rita.dot.gov/bts/sites/rita.dot.gov.bts/files/subject_areas/airline_information/passengers_denied_confirmed_space_report/2013/html/2013_1q.html
Mesa Airlines,314,190,11,0,24,539,503,"1,202",5,776,"1,834,793","$185,536","$132,105","$4,224",2013_1q,https://www.rita.dot.gov/bts/sites/rita.dot.gov.bts/files/subject_areas/airline_information/passengers_denied_confirmed_space_report/2013/html/2013_1q.html
Pinnacle Airlines,23,232,36,0,22,313,255,"5,738","3,420","1,119","3,029,359","$12,750","$266,538",$0,2013_1q,https://www.rita.dot.gov/bts/sites/rita.dot.gov.bts/files/subject_areas/airline_information/passengers_denied_confirmed_space_report/2013/html/2013_1q.html
SkyWest Airlines,96,"1,508",67,143,29,"1,843","1,711","10,542","4,276","1,451","6,314,061","$68,265","$958,616","$35,332",2013_1q,https://www.rita.dot.gov/bts/sites/rita.dot.gov.bts/files/subject_areas/airline_information/passengers_denied_confirmed_space_report/2013/html/2013_1q.html
Southwest Airlines,"1,486",662,0,0,"1,037","3,185","2,148","17,307",0,0,"26,269,242","$1,346,156","$624,418",$0,2013_1q,https://www.rita.dot.gov/bts/sites/rita.dot.gov.bts/files/subject_areas/airline_information/passengers_denied_confirmed_space_report/2013/html/2013_1q.html
United Air Lines,10,"1,896",79,542,65,"2,592","2,395","14,093","8,585","3,187","18,143,463","$35,499","$1,637,309","$64,527",2013_1q,https://www.rita.dot.gov/bts/sites/rita.dot.gov.bts/files/subject_areas/airline_information/passengers_denied_confirmed_space_report/2013/html/2013_1q.html
US Airways,896,0,58,6,46,"1,006",896,"6,399",0,"2,216","13,761,795","$779,747",$0,$0,2013_1q,https://www.rita.dot.gov/bts/sites/rita.dot.gov.bts/files/subject_areas/airline_information/passengers_denied_confirmed_space_report/2013/html/2013_1q.html
Virgin America,10,0,1,0,0,11,10,119,17,4,"1,319,210","$4,229","$2,900","$35,639",2013_1q,https://www.rita.dot.gov/bts/sites/rita.dot.gov.bts/files/subject_areas/airline_information/passengers_denied_confirmed_space_report/2013/html/2013_1q.html
AirTran Airways,0,75,0,0,7,82,75,394,0,0,"1,090,988","$44,324",$0,$0,2014_4q,https://www.rita.dot.gov/bts/sites/rita.dot.gov.bts/files/subject_areas/airline_information/passengers_denied_confirmed_space_report/2014/html/2014_4q.html
Alaska Airlines,0,81,0,14,42,137,81,818,13,4,"4,937,496",$0,"$138,500",$0,2014_4q,https://www.rita.dot.gov/bts/sites/rita.dot.gov.bts/files/subject_areas/airline_information/passengers_denied_confirmed_space_report/2014/html/2014_4q.html
American Airlines,58,426,0,201,35,720,685,"8,549",390,205,"18,826,185","$27,820","$467,943",$0,2014_4q,https://www.rita.dot.gov/bts/sites/rita.dot.gov.bts/files/subject_areas/airline_information/passengers_denied_confirmed_space_report/2014/html/2014_4q.html
Delta Air Lines,3,140,3,38,21,205,143,"27,149","20,402","10,490","28,707,710","$2,918","$162,947",$0,2014_4q,https://www.rita.dot.gov/bts/sites/rita.dot.gov.bts/files/subject_areas/airline_information/passengers_denied_confirmed_space_report/2014/html/2014_4q.html
Envoy Airlines,16,174,0,411,10,611,601,"4,749",84,3,"3,643,382","$2,850","$149,222",$0,2014_4q,https://www.rita.dot.gov/bts/sites/rita.dot.gov.bts/files/subject_areas/airline_information/passengers_denied_confirmed_space_report/2014/html/2014_4q.html
ExpressJet,66,"1,056",55,42,28,"1,247","1,165","11,856","4,414","1,547","6,968,965","$26,154","$827,722","$1,300",2014_4q,https://www.rita.dot.gov/bts/sites/rita.dot.gov.bts/files/subject_areas/airline_information/passengers_denied_confirmed_space_report/2014/html/2014_4q.html
Frontier Airlines,8,289,6,79,59,441,108,"1,206",0,0,"3,125,104","$2,495","$49,548","$7,980",2014_4q,https://www.rita.dot.gov/bts/sites/rita.dot.gov.bts/files/subject_areas/airline_information/passengers_denied_confirmed_space_report/2014/html/2014_4q.html
Hawaiian Airlines,0,0,0,0,0,0,0,78,0,0,"2,507,376",$0,$0,"$15,980",2014_4q,https://www.rita.dot.gov/bts/sites/rita.dot.gov.bts/files/subject_areas/airline_information/passengers_denied_confirmed_space_report/2014/html/2014_4q.html
JetBlue Airways,2,0,0,27,1,30,2,407,0,1,"7,350,027","$3,200",$0,"$128,521",2014_4q,https://www.rita.dot.gov/bts/sites/rita.dot.gov.bts/files/subject_areas/airline_information/passengers_denied_confirmed_space_report/2014/html/2014_4q.html
SkyWest Airlines,64,913,39,305,11,"1,332","1,231","11,280","4,538","1,054","6,656,843","$18,254","$567,210","$2,600",2014_4q,https://www.rita.dot.gov/bts/sites/rita.dot.gov.bts/files/subject_areas/airline_information/passengers_denied_confirmed_space_report/2014/html/2014_4q.html
Southwest Airlines,624,227,0,0,"1,013","1,864",851,"13,126",0,0,"32,903,774","$546,400","$187,589",$0,2014_4q,https://www.rita.dot.gov/bts/sites/rita.dot.gov.bts/files/subject_areas/airline_information/passengers_denied_confirmed_space_report/2014/html/2014_4q.html
United Air Lines,24,555,83,281,39,982,909,"12,582","4,855","2,872","18,946,348","$15,670","$510,890",$0,2014_4q,https://www.rita.dot.gov/bts/sites/rita.dot.gov.bts/files/subject_areas/airline_information/passengers_denied_confirmed_space_report/2014/html/2014_4q.html
US Airways,63,365,0,300,27,755,728,"4,625","2,149",0,"14,187,328","$13,688","$325,554",$0,2014_4q,https://www.rita.dot.gov/bts/sites/rita.dot.gov.bts/files/subject_areas/airline_information/passengers_denied_confirmed_space_report/2014/html/2014_4q.html
Virgin America,16,0,4,0,0,16,15,302,23,2,"1,598,058","$15,760",$0,"$111,530",2014_4q,https://www.rita.dot.gov/bts/sites/rita.dot.gov.bts/files/subject_areas/airline_information/passengers_denied_confirmed_space_report/2014/html/2014_4q.html
AirTran Airways,0,383,0,0,2,385,383,"1,515",0,0,"2,027,579","$192,613",$0,$0,2014_3q,https://www.rita.dot.gov/bts/sites/rita.dot.gov.bts/files/subject_areas/airline_information/passengers_denied_confirmed_space_report/2014/html/2014_3q.html
Alaska Airlines,0,115,0,48,120,283,115,"1,305",31,13,"5,517,702",$0,"$227,526",$0,2014_3q,https://www.rita.dot.gov/bts/sites/rita.dot.gov.bts/files/subject_areas/airline_information/passengers_denied_confirmed_space_report/2014/html/2014_3q.html
American Airlines,84,328,0,80,16,508,492,"7,614",472,131,"19,864,696","$32,408","$320,855",$0,2014_3q,https://www.rita.dot.gov/bts/sites/rita.dot.gov.bts/files/subject_areas/airline_information/passengers_denied_confirmed_space_report/2014/html/2014_3q.html
Delta Air Lines,22,422,20,86,14,564,444,"26,777","37,060","16,018","31,309,829","$12,358","$477,000",$0,2014_3q,https://www.rita.dot.gov/bts/sites/rita.dot.gov.bts/files/subject_areas/airline_information/passengers_denied_confirmed_space_report/2014/html/2014_3q.html
Envoy Airlines,41,142,0,234,5,422,417,"3,340",34,18,"3,940,167","$4,342","$83,486",$0,2014_3q,https://www.rita.dot.gov/bts/sites/rita.dot.gov.bts/files/subject_areas/airline_information/passengers_denied_confirmed_space_report/2014/html/2014_3q.html
ExpressJet,64,931,22,80,23,"1,120","1,030","10,615","6,350","2,294","7,834,239","$20,256","$714,781",$0,2014_3q,https://www.rita.dot.gov/bts/sites/rita.dot.gov.bts/files/subject_areas/airline_information/passengers_denied_confirmed_space_report/2014/html/2014_3q.html
Frontier Airlines,10,370,5,112,43,540,68,"1,069",0,0,"3,323,385","$3,175","$44,064","$8,566",2014_3q,https://www.rita.dot.gov/bts/sites/rita.dot.gov.bts/files/subject_areas/airline_information/passengers_denied_confirmed_space_report/2014/html/2014_3q.html
Hawaiian Airlines,80,1,0,0,0,81,81,92,0,0,"2,671,867","$2,450",$0,"$9,250",2014_3q,https://www.rita.dot.gov/bts/sites/rita.dot.gov.bts/files/subject_areas/airline_information/passengers_denied_confirmed_space_report/2014/html/2014_3q.html
JetBlue Airways,13,0,0,510,3,526,13,851,8,2,"7,727,979","$10,370",$0,"$322,592",2014_3q,https://www.rita.dot.gov/bts/sites/rita.dot.gov.bts/files/subject_areas/airline_information/passengers_denied_confirmed_space_report/2014/html/2014_3q.html
SkyWest Airlines,83,"1,041",37,193,19,"1,373","1,289","8,493","7,207","1,156","6,752,821","$23,742","$765,989",$0,2014_3q,https://www.rita.dot.gov/bts/sites/rita.dot.gov.bts/files/subject_areas/airline_information/passengers_denied_confirmed_space_report/2014/html/2014_3q.html
Southwest Airlines,"1,308",500,0,0,"1,389","3,197","1,808","24,822",0,0,"33,271,343","$1,108,338","$417,833",$0,2014_3q,https://www.rita.dot.gov/bts/sites/rita.dot.gov.bts/files/subject_areas/airline_information/passengers_denied_confirmed_space_report/2014/html/2014_3q.html
United Air Lines,34,729,43,695,29,"1,530","1,466","14,419","8,763","2,230","20,332,343","$12,698","$819,264",$0,2014_3q,https://www.rita.dot.gov/bts/sites/rita.dot.gov.bts/files/subject_areas/airline_information/passengers_denied_confirmed_space_report/2014/html/2014_3q.html
US Airways,75,359,0,297,64,795,731,"5,500","3,178",0,"14,994,856","$11,841","$342,664",$0,2014_3q,https://www.rita.dot.gov/bts/sites/rita.dot.gov.bts/files/subject_areas/airline_information/passengers_denied_confirmed_space_report/2014/html/2014_3q.html
Virgin America,5,0,0,0,0,5,5,235,9,0,"1,677,222","$8,445",$0,"$67,022",2014_3q,https://www.rita.dot.gov/bts/sites/rita.dot.gov.bts/files/subject_areas/airline_information/passengers_denied_confirmed_space_report/2014/html/2014_3q.html
AirTran Airways,0,568,0,0,13,581,568,"2,251",0,0,"2,692,186","$386,411",$0,$0,2014_2q,https://www.rita.dot.gov/bts/sites/rita.dot.gov.bts/files/subject_areas/airline_information/passengers_denied_confirmed_space_report/2014/html/2014_2q.html
Alaska Airlines,0,61,0,31,104,196,61,"1,027",27,3,"4,999,049",$0,"$129,113",$0,2014_2q,https://www.rita.dot.gov/bts/sites/rita.dot.gov.bts/files/subject_areas/airline_information/passengers_denied_confirmed_space_report/2014/html/2014_2q.html
American Airlines,90,467,0,98,41,696,655,"9,014",500,177,"19,957,730","$23,297","$481,266",$0,2014_2q,https://www.rita.dot.gov/bts/sites/rita.dot.gov.bts/files/subject_areas/airline_information/passengers_denied_confirmed_space_report/2014/html/2014_2q.html
American Eagle,34,272,0,367,29,702,673,"5,351",41,11,"4,146,074","$5,770","$239,113",$0,2014_2q,https://www.rita.dot.gov/bts/sites/rita.dot.gov.bts/files/subject_areas/airline_information/passengers_denied_confirmed_space_report/2014/html/2014_2q.html
Delta Air Lines,123,"1,245",16,16,5,"1,405","1,368","29,451","26,486","15,867","30,361,746","$72,922","$1,427,602",$0,2014_2q,https://www.rita.dot.gov/bts/sites/rita.dot.gov.bts/files/subject_areas/airline_information/passengers_denied_confirmed_space_report/2014/html/2014_2q.html
ExpressJet,112,"2,451",72,95,54,"2,784","2,645","16,961","6,336","2,245","7,735,969","$59,280","$2,132,120",$0,2014_2q,https://www.rita.dot.gov/bts/sites/rita.dot.gov.bts/files/subject_areas/airline_information/passengers_denied_confirmed_space_report/2014/html/2014_2q.html
Frontier Airlines,12,219,3,87,28,349,37,934,0,0,"2,937,116","$2,962","$38,560","$3,256",2014_2q,https://www.rita.dot.gov/bts/sites/rita.dot.gov.bts/files/subject_areas/airline_information/passengers_denied_confirmed_space_report/2014/html/2014_2q.html
Hawaiian Airlines,10,0,0,0,0,10,10,102,0,0,"2,505,196","$4,640",$0,"$2,100",2014_2q,https://www.rita.dot.gov/bts/sites/rita.dot.gov.bts/files/subject_areas/airline_information/passengers_denied_confirmed_space_report/2014/html/2014_2q.html
JetBlue Airways,70,0,0,0,0,70,70,279,0,0,"7,489,539","$52,029",$0,"$127,024",2014_2q,https://www.rita.dot.gov/bts/sites/rita.dot.gov.bts/files/subject_areas/airline_information/passengers_denied_confirmed_space_report/2014/html/2014_2q.html
SkyWest Airlines,210,"1,362",51,188,25,"1,836","1,754","10,717","5,633","1,121","6,861,891","$72,698","$1,152,893",$0,2014_2q,https://www.rita.dot.gov/bts/sites/rita.dot.gov.bts/files/subject_areas/airline_information/passengers_denied_confirmed_space_report/2014/html/2014_2q.html
Southwest Airlines,"1,612",710,0,0,"1,283","3,605","2,322","26,341",0,0,"22,614,856","$1,385,643","$629,808",$0,2014_2q,https://www.rita.dot.gov/bts/sites/rita.dot.gov.bts/files/subject_areas/airline_information/passengers_denied_confirmed_space_report/2014/html/2014_2q.html
United Air Lines,68,"1,090",105,847,61,"2,171","2,080","16,498","5,348","3,220","20,144,390","$40,945","$1,229,441",$0,2014_2q,https://www.rita.dot.gov/bts/sites/rita.dot.gov.bts/files/subject_areas/airline_information/passengers_denied_confirmed_space_report/2014/html/2014_2q.html
US Airways,679,"7,685",80,3,81,"1,608","1,444","8,810","1,852",0,"15,449,001","$284,831","$835,914",$0,2014_2q,https://www.rita.dot.gov/bts/sites/rita.dot.gov.bts/files/subject_areas/airline_information/passengers_denied_confirmed_space_report/2014/html/2014_2q.html
Virgin America,11,0,0,0,0,11,11,137,2,0,"1,703,282","$9,664",$0,"$39,850",2014_2q,https://www.rita.dot.gov/bts/sites/rita.dot.gov.bts/files/subject_areas/airline_information/passengers_denied_confirmed_space_report/2014/html/2014_2q.html
AirTran Airways,0,834,0,0,7,841,834,"10,336",0,0,"4,525,112","$487,449",$0,$0,2014_1q,https://www.rita.dot.gov/bts/sites/rita.dot.gov.bts/files/subject_areas/airline_information/passengers_denied_confirmed_space_report/2014/html/2014_1q.html
Alaska Airlines,0,124,0,15,51,190,124,"1,155",11,21,"4,203,186",$0,"$131,215",$0,2014_1q,https://www.rita.dot.gov/bts/sites/rita.dot.gov.bts/files/subject_areas/airline_information/passengers_denied_confirmed_space_report/2014/html/2014_1q.html
American Airlines,126,678,0,182,39,"1,025",986,"12,822","1,078",223,"18,267,561","$49,157","$638,099",$0,2014_1q,https://www.rita.dot.gov/bts/sites/rita.dot.gov.bts/files/subject_areas/airline_information/passengers_denied_confirmed_space_report/2014/html/2014_1q.html
American Eagle,35,227,0,264,17,543,526,"5,320",73,10,"3,971,731","$8,304","$191,631",$0,2014_1q,https://www.rita.dot.gov/bts/sites/rita.dot.gov.bts/files/subject_areas/airline_information/passengers_denied_confirmed_space_report/2014/html/2014_1q.html
Delta Air Lines,76,847,197,18,139,"1,277",923,"22,445","27,969","11,651","24,130,377","$41,526","$987,176",$0,2014_1q,https://www.rita.dot.gov/bts/sites/rita.dot.gov.bts/files/subject_areas/airline_information/passengers_denied_confirmed_space_report/2014/html/2014_1q.html
ExpressJet,30,"1,616",63,22,32,"1,763","1,610","13,100","3,999","2,343","7,107,265","$29,071","$1,070,441","$32,225",2014_1q,https://www.rita.dot.gov/bts/sites/rita.dot.gov.bts/files/subject_areas/airline_information/passengers_denied_confirmed_space_report/2014/html/2014_1q.html
Frontier Airlines,4,118,3,48,7,180,18,492,0,0,"2,264,114",$898,"$1,372,444",$498,2014_1q,https://www.rita.dot.gov/bts/sites/rita.dot.gov.bts/files/subject_areas/airline_information/passengers_denied_confirmed_space_report/2014/html/2014_1q.html
Hawaiian Airlines,51,0,0,0,0,51,51,332,0,0,"2,397,157","$7,837",$0,"$13,717",2014_1q,https://www.rita.dot.gov/bts/sites/rita.dot.gov.bts/files/subject_areas/airline_information/passengers_denied_confirmed_space_report/2014/html/2014_1q.html
JetBlue Airways,1,0,0,0,0,1,1,170,0,0,"6,765,286","$1,300",$0,"$61,250",2014_1q,https://www.rita.dot.gov/bts/sites/rita.dot.gov.bts/files/subject_areas/airline_information/passengers_denied_confirmed_space_report/2014/html/2014_1q.html
SkyWest Airlines,96,"1,508",67,143,29,"1,843","1,711","10,542","4,276","1,451","6,314,061","$68,265","$958,616","$35,332",2014_1q,https://www.rita.dot.gov/bts/sites/rita.dot.gov.bts/files/subject_areas/airline_information/passengers_denied_confirmed_space_report/2014/html/2014_1q.html
Southwest Airlines,"1,486",662,0,0,"1,037","3,185","2,148","17,307",0,0,"26,269,242","$1,346,156","$624,418",$0,2014_1q,https://www.rita.dot.gov/bts/sites/rita.dot.gov.bts/files/subject_areas/airline_information/passengers_denied_confirmed_space_report/2014/html/2014_1q.html
United Air Lines,10,"1,896",79,542,65,"2,592","2,395","14,093","8,585","3,187","18,143,463","$35,499","$1,637,309","$64,527",2014_1q,https://www.rita.dot.gov/bts/sites/rita.dot.gov.bts/files/subject_areas/airline_information/passengers_denied_confirmed_space_report/2014/html/2014_1q.html
US Airways,896,0,58,6,46,"1,006",896,"6,399",0,"2,216","13,761,795","$779,747",$0,$0,2014_1q,https://www.rita.dot.gov/bts/sites/rita.dot.gov.bts/files/subject_areas/airline_information/passengers_denied_confirmed_space_report/2014/html/2014_1q.html
Virgin America,10,0,1,0,0,11,10,119,17,4,"1,319,210","$4,229","$2,900","$35,639",2014_1q,https://www.rita.dot.gov/bts/sites/rita.dot.gov.bts/files/subject_areas/airline_information/passengers_denied_confirmed_space_report/2014/html/2014_1q.html
Alaska Airlines,0,106,0,15,38,159,106,"1,093",23,1,"5,430,824",$0,"$176,107",$0,2015_4q,https://www.rita.dot.gov/bts/sites/rita.dot.gov.bts/files/subject_areas/airline_information/passengers_denied_confirmed_space_report/2015/html/2015_4q.html
American Airlines,196,"1,296",0,872,62,"2,426","2,364","13,320",600,387,"22,033,306","$83,827","$1,226,806",$0,2015_4q,https://www.rita.dot.gov/bts/sites/rita.dot.gov.bts/files/subject_areas/airline_information/passengers_denied_confirmed_space_report/2015/html/2015_4q.html
Delta Air Lines,21,349,12,80,4,466,370,"32,658","20,079","18,917","31,061,602","$12,872","$422,220",$0,2015_4q,https://www.rita.dot.gov/bts/sites/rita.dot.gov.bts/files/subject_areas/airline_information/passengers_denied_confirmed_space_report/2015/html/2015_4q.html
Envoy Airlines,40,199,0,308,8,555,547,"3,765",55,78,"2,592,952","$5,813","$154,225",$0,2015_4q,https://www.rita.dot.gov/bts/sites/rita.dot.gov.bts/files/subject_areas/airline_information/passengers_denied_confirmed_space_report/2015/html/2015_4q.html
ExpressJet,38,826,19,107,6,996,970,"8,968","3,426","1,966","5,757,488","$20,851","$683,972",$0,2015_4q,https://www.rita.dot.gov/bts/sites/rita.dot.gov.bts/files/subject_areas/airline_information/passengers_denied_confirmed_space_report/2015/html/2015_4q.html
Frontier Airlines,8,219,1,87,65,380,42,648,0,0,"3,547,147","$2,108","$19,475","$3,545",2015_4q,https://www.rita.dot.gov/bts/sites/rita.dot.gov.bts/files/subject_areas/airline_information/passengers_denied_confirmed_space_report/2015/html/2015_4q.html
Hawaiian Airlines,8,0,0,0,0,8,0,70,0,0,"2,608,124","$5,460",$0,"$5,750",2015_4q,https://www.rita.dot.gov/bts/sites/rita.dot.gov.bts/files/subject_areas/airline_information/passengers_denied_confirmed_space_report/2015/html/2015_4q.html
JetBlue Airways,21,0,0,0,0,21,17,598,0,64,"8,168,250","$14,200",$0,"$269,970",2015_4q,https://www.rita.dot.gov/bts/sites/rita.dot.gov.bts/files/subject_areas/airline_information/passengers_denied_confirmed_space_report/2015/html/2015_4q.html
SkyWest Airlines,30,554,13,177,12,786,640,"10,896","4,973","2,027","6,990,054","$12,436","$427,568",$0,2015_4q,https://www.rita.dot.gov/bts/sites/rita.dot.gov.bts/files/subject_areas/airline_information/passengers_denied_confirmed_space_report/2015/html/2015_4q.html
Southwest Airlines,"1,502",626,0,0,"1,305","3,433","2,128","19,473",0,0,"36,839,451","$1,347,420","$541,328",$0,2015_4q,https://www.rita.dot.gov/bts/sites/rita.dot.gov.bts/files/subject_areas/airline_information/passengers_denied_confirmed_space_report/2015/html/2015_4q.html
Spirit Airlines,0,124,0,117,"233,333",124,124,"1,158",0,122,"4,230,180",$0,"$84,591",$0,2015_4q,https://www.rita.dot.gov/bts/sites/rita.dot.gov.bts/files/subject_areas/airline_information/passengers_denied_confirmed_space_report/2015/html/2015_4q.html
United Air Lines,38,766,30,614,27,"1,475","1,403","18,743","5,703","2,482","20,930,474","$24,980","$847,372",$0,2015_4q,https://www.rita.dot.gov/bts/sites/rita.dot.gov.bts/files/subject_areas/airline_information/passengers_denied_confirmed_space_report/2015/html/2015_4q.html
Virgin America,43,0,0,0,0,43,43,488,36,8,"1,832,945","$50,048",$200,"$269,956",2015_4q,https://www.rita.dot.gov/bts/sites/rita.dot.gov.bts/files/subject_areas/airline_information/passengers_denied_confirmed_space_report/2015/html/2015_4q.html
Alaska Airlines,0,106,0,15,50,171,106,"1,267",20,8,"6,064,451",$0,"$180,715",$0,2015_3q,https://www.rita.dot.gov/bts/sites/rita.dot.gov.bts/files/subject_areas/airline_information/passengers_denied_confirmed_space_report/2015/html/2015_3q.html
American Airlines,164,"1,106",0,"1,214",74,"2,558","2,484","15,366",686,256,"36,891,115","$42,501","$1,057,341",$0,2015_3q,https://www.rita.dot.gov/bts/sites/rita.dot.gov.bts/files/subject_areas/airline_information/passengers_denied_confirmed_space_report/2015/html/2015_3q.html
Delta Air Lines,34,306,13,113,13,479,340,"33,166","31,522","17,613","33,714,771","$5,384","$350,906",$0,2015_3q,https://www.rita.dot.gov/bts/sites/rita.dot.gov.bts/files/subject_areas/airline_information/passengers_denied_confirmed_space_report/2015/html/2015_3q.html
Envoy Airlines,40,205,0,276,8,529,521,"4,279",75,39,"2,958,349","$10,713","$172,725",$0,2015_3q,https://www.rita.dot.gov/bts/sites/rita.dot.gov.bts/files/subject_areas/airline_information/passengers_denied_confirmed_space_report/2015/html/2015_3q.html
ExpressJet,51,758,20,128,5,962,909,"9,527","4,535","2,170","6,328,398","$26,037","$663,404",$500,2015_3q,https://www.rita.dot.gov/bts/sites/rita.dot.gov.bts/files/subject_areas/airline_information/passengers_denied_confirmed_space_report/2015/html/2015_3q.html
Frontier Airlines,5,229,2,112,42,390,52,715,0,0,"3,201,831","$1,798","$31,352","$3,545",2015_3q,https://www.rita.dot.gov/bts/sites/rita.dot.gov.bts/files/subject_areas/airline_information/passengers_denied_confirmed_space_report/2015/html/2015_3q.html
Hawaiian Airlines,6,6,0,0,0,12,0,124,0,0,"2,775,894","$5,538",$998,"$9,200",2015_3q,https://www.rita.dot.gov/bts/sites/rita.dot.gov.bts/files/subject_areas/airline_information/passengers_denied_confirmed_space_report/2015/html/2015_3q.html
JetBlue Airways,8,0,0,0,0,8,8,358,0,39,"8,318,476","$8,371",$0,"$127,117",2015_3q,https://www.rita.dot.gov/bts/sites/rita.dot.gov.bts/files/subject_areas/airline_information/passengers_denied_confirmed_space_report/2015/html/2015_3q.html
SkyWest Airlines,29,657,13,213,12,924,866,"12,951","5,889","1,633","7,710,341","$11,040","$503,652",$0,2015_3q,https://www.rita.dot.gov/bts/sites/rita.dot.gov.bts/files/subject_areas/airline_information/passengers_denied_confirmed_space_report/2015/html/2015_3q.html
Southwest Airlines,"2,241",776,0,0,"1,398","4,413","3,017","27,315",0,0,"37,603,390","$1,954,266","$657,812",$0,2015_3q,https://www.rita.dot.gov/bts/sites/rita.dot.gov.bts/files/subject_areas/airline_information/passengers_denied_confirmed_space_report/2015/html/2015_3q.html
Spirit Airlines,0,65,0,142,"220,481",65,65,"1,000",0,59,"4,226,050",$0,"$36,224",$0,2015_3q,https://www.rita.dot.gov/bts/sites/rita.dot.gov.bts/files/subject_areas/airline_information/passengers_denied_confirmed_space_report/2015/html/2015_3q.html
United Air Lines,52,655,38,578,55,"1,378","1,306","23,206","10,478","2,456","21,879,356","$18,721","$706,768",$0,2015_3q,https://www.rita.dot.gov/bts/sites/rita.dot.gov.bts/files/subject_areas/airline_information/passengers_denied_confirmed_space_report/2015/html/2015_3q.html
Virgin America,12,2,0,0,3,17,14,279,17,3,"1,813,533","$10,334",$566,"$80,416",2015_3q,https://www.rita.dot.gov/bts/sites/rita.dot.gov.bts/files/subject_areas/airline_information/passengers_denied_confirmed_space_report/2015/html/2015_3q.html
Alaska Airlines,0,122,0,34,35,191,122,"1,315",30,9,"5,624,304",$0,"$208,708",$0,2015_2q,https://www.rita.dot.gov/bts/sites/rita.dot.gov.bts/files/subject_areas/airline_information/passengers_denied_confirmed_space_report/2015/html/2015_2q.html
American Airlines,88,569,0,360,72,"1,089","1,017","11,703",656,202,"20,066,407","$59,692","$579,938",$0,2015_2q,https://www.rita.dot.gov/bts/sites/rita.dot.gov.bts/files/subject_areas/airline_information/passengers_denied_confirmed_space_report/2015/html/2015_2q.html
Delta Air Lines,54,276,4,51,4,389,330,"38,643","21,981","19,553","32,706,490","$5,538","$320,192",$0,2015_2q,https://www.rita.dot.gov/bts/sites/rita.dot.gov.bts/files/subject_areas/airline_information/passengers_denied_confirmed_space_report/2015/html/2015_2q.html
Envoy Airlines,50,325,0,532,17,924,907,"5,596",58,60,"3,255,510","$9,717","$249,685",$0,2015_2q,https://www.rita.dot.gov/bts/sites/rita.dot.gov.bts/files/subject_areas/airline_information/passengers_denied_confirmed_space_report/2015/html/2015_2q.html
ExpressJet,73,"1,042",35,172,16,"1,338","1,280","12,001","3,842","2,200","6,567,149","$31,941","$878,936",$0,2015_2q,https://www.rita.dot.gov/bts/sites/rita.dot.gov.bts/files/subject_areas/airline_information/passengers_denied_confirmed_space_report/2015/html/2015_2q.html
Frontier Airlines,10,109,2,101,31,253,44,699,0,0,"2,962,152","$1,899","$21,550","$3,150",2015_2q,https://www.rita.dot.gov/bts/sites/rita.dot.gov.bts/files/subject_areas/airline_information/passengers_denied_confirmed_space_report/2015/html/2015_2q.html
Hawaiian Airlines,2,0,0,0,0,2,0,54,0,0,"2,605,895",$0,$0,$600,2015_2q,https://www.rita.dot.gov/bts/sites/rita.dot.gov.bts/files/subject_areas/airline_information/passengers_denied_confirmed_space_report/2015/html/2015_2q.html
JetBlue Airways,5,0,0,0,0,5,5,266,0,83,"8,105,136","$6,300",$0,"$96,726",2015_2q,https://www.rita.dot.gov/bts/sites/rita.dot.gov.bts/files/subject_areas/airline_information/passengers_denied_confirmed_space_report/2015/html/2015_2q.html
SkyWest Airlines,29,875,46,777,12,"1,739","1,606","13,941","4,572","1,337","7,403,792","$5,797","$633,954",$0,2015_2q,https://www.rita.dot.gov/bts/sites/rita.dot.gov.bts/files/subject_areas/airline_information/passengers_denied_confirmed_space_report/2015/html/2015_2q.html
Southwest Airlines,"2,096",822,0,0,"1,518","4,436","2,918","29,084",0,0,"37,496,853","$1,810,981","$725,435",$0,2015_2q,https://www.rita.dot.gov/bts/sites/rita.dot.gov.bts/files/subject_areas/airline_information/passengers_denied_confirmed_space_report/2015/html/2015_2q.html
Spirit Airlines,3,176,0,328,"209,564",179,179,"2,484",0,125,"4,001,225","$3,012","$119,234",$0,2015_2q,https://www.rita.dot.gov/bts/sites/rita.dot.gov.bts/files/subject_areas/airline_information/passengers_denied_confirmed_space_report/2015/html/2015_2q.html
United Air Lines,38,877,97,600,35,"1,647","1,581","22,068","6,826","3,108","21,166,446","$26,044","$891,511",$0,2015_2q,https://www.rita.dot.gov/bts/sites/rita.dot.gov.bts/files/subject_areas/airline_information/passengers_denied_confirmed_space_report/2015/html/2015_2q.html
US Airways,91,731,0,304,30,"1,156","1,126","6,323","2,622",44,"16,073,671","$18,792","$695,300",$0,2015_2q,https://www.rita.dot.gov/bts/sites/rita.dot.gov.bts/files/subject_areas/airline_information/passengers_denied_confirmed_space_report/2015/html/2015_2q.html
Virgin America,10,5,0,0,0,15,15,669,11,0,"1,772,262","$11,210","$3,321","$241,103",2015_2q,https://www.rita.dot.gov/bts/sites/rita.dot.gov.bts/files/subject_areas/airline_information/passengers_denied_confirmed_space_report/2015/html/2015_2q.html
Alaska Airlines,0,16,0,20,43,219,156,"1,737",9,8,"4,975,547",$0,"$251,037",$0,2015_1q,https://www.rita.dot.gov/bts/sites/rita.dot.gov.bts/files/subject_areas/airline_information/passengers_denied_confirmed_space_report/2015/html/2015_1q.html
American Airlines,148,852,0,409,22,"1,431","1,409","9,928",520,234,"18,101,123","$55,269","$929,513","$2,000",2015_1q,https://www.rita.dot.gov/bts/sites/rita.dot.gov.bts/files/subject_areas/airline_information/passengers_denied_confirmed_space_report/2015/html/2015_1q.html
Delta Air Lines,17,485,10,80,12,604,502,"40,939","19,244","14,356","27,561,992","$9,444","$570,872",$0,2015_1q,https://www.rita.dot.gov/bts/sites/rita.dot.gov.bts/files/subject_areas/airline_information/passengers_denied_confirmed_space_report/2015/html/2015_1q.html
Envoy Airlines,30,211,0,535,8,784,776,"4,485",48,5,"3,094,217","$6,236","$251,671",$0,2015_1q,https://www.rita.dot.gov/bts/sites/rita.dot.gov.bts/files/subject_areas/airline_information/passengers_denied_confirmed_space_report/2015/html/2015_1q.html
ExpressJet,62,"1,056",55,121,18,"1,312","1,237","12,437","3,498","1,566","6,083,566","$29,789","$851,724",$0,2015_1q,https://www.rita.dot.gov/bts/sites/rita.dot.gov.bts/files/subject_areas/airline_information/passengers_denied_confirmed_space_report/2015/html/2015_1q.html
Frontier Airlines,8,102,1,89,14,209,42,682,0,0,"2,632,410","$1,987","$27,450","$2,899",2015_1q,https://www.rita.dot.gov/bts/sites/rita.dot.gov.bts/files/subject_areas/airline_information/passengers_denied_confirmed_space_report/2015/html/2015_1q.html
Hawaiian Airlines,7,0,0,0,0,7,7,110,0,0,"2,472,431",$500,$0,"$8,550",2015_1q,https://www.rita.dot.gov/bts/sites/rita.dot.gov.bts/files/subject_areas/airline_information/passengers_denied_confirmed_space_report/2015/html/2015_1q.html
JetBlue Airways,39,0,0,0,0,39,39,619,0,147,"7,357,389","$37,789",$0,"$264,132",2015_1q,https://www.rita.dot.gov/bts/sites/rita.dot.gov.bts/files/subject_areas/airline_information/passengers_denied_confirmed_space_report/2015/html/2015_1q.html
SkyWest Airlines,83,"1,185",45,297,20,"1,630","1,496","14,041","3,970","1,166","6,458,573","$22,661","$726,888",$730,2015_1q,https://www.rita.dot.gov/bts/sites/rita.dot.gov.bts/files/subject_areas/airline_information/passengers_denied_confirmed_space_report/2015/html/2015_1q.html
Southwest Airlines,"1,496",647,0,0,"1,183","3,326","2,143","20,641",0,0,"31,993,058","$1,339,153","$580,043",$0,2015_1q,https://www.rita.dot.gov/bts/sites/rita.dot.gov.bts/files/subject_areas/airline_information/passengers_denied_confirmed_space_report/2015/html/2015_1q.html
Spirit Airlines,1,127,0,48,"199,811",128,128,"1,947",0,119,"3,552,709",$524,"$58,626",$0,2015_1q,https://www.rita.dot.gov/bts/sites/rita.dot.gov.bts/files/subject_areas/airline_information/passengers_denied_confirmed_space_report/2015/html/2015_1q.html
United Air Lines,42,"1,217",122,360,76,"1,817","1,710","17,373","5,939","2,537","18,105,638","$28,415","$1,143,851",$0,2015_1q,https://www.rita.dot.gov/bts/sites/rita.dot.gov.bts/files/subject_areas/airline_information/passengers_denied_confirmed_space_report/2015/html/2015_1q.html
US Airways,118,704,0,341,62,"1,225","1,163","5,554","3,307",73,"15,061,853","$32,163","$658,690",$0,2015_1q,https://www.rita.dot.gov/bts/sites/rita.dot.gov.bts/files/subject_areas/airline_information/passengers_denied_confirmed_space_report/2015/html/2015_1q.html
Virgin America,5,0,0,0,0,5,5,286,6,0,"1,510,065","$4,784",$0,"$89,522",2015_1q,https://www.rita.dot.gov/bts/sites/rita.dot.gov.bts/files/subject_areas/airline_information/passengers_denied_confirmed_space_report/2015/html/2015_1q.html
Alaska Airlines,0,102,0,16,79,197,102,"1,600",37,170,"5,665,703",$0,"$202,080",$0,2016_4q,https://www.rita.dot.gov/bts/sites/rita.dot.gov.bts/files/subject_areas/airline_information/passengers_denied_confirmed_space_report/2016/html/2016_4q.html
American Airlines,111,854,0,727,22,"1,714","1,692","11,806",299,"1,265","31,546,560","$32,476","$1,092,284",$0,2016_4q,https://www.rita.dot.gov/bts/sites/rita.dot.gov.bts/files/subject_areas/airline_information/passengers_denied_confirmed_space_report/2016/html/2016_4q.html
Delta Air Lines,15,255,2,44,10,326,270,"36,471","16,451","29,673","32,044,038","$8,494","$296,986",$0,2016_4q,https://www.rita.dot.gov/bts/sites/rita.dot.gov.bts/files/subject_areas/airline_information/passengers_denied_confirmed_space_report/2016/html/2016_4q.html
ExpressJet,34,554,12,36,5,641,622,"8,615","3,313","1,757","5,019,172","$12,958","$454,151","$1,350",2016_4q,https://www.rita.dot.gov/bts/sites/rita.dot.gov.bts/files/subject_areas/airline_information/passengers_denied_confirmed_space_report/2016/html/2016_4q.html
Frontier Airlines,2,110,0,36,15,163,59,450,0,0,"3,771,280","$1,326","$46,243","$1,892",2016_4q,https://www.rita.dot.gov/bts/sites/rita.dot.gov.bts/files/subject_areas/airline_information/passengers_denied_confirmed_space_report/2016/html/2016_4q.html
Hawaiian Airlines,19,0,0,0,0,19,0,126,0,0,"2,669,657","$10,896",$0,"$12,185",2016_4q,https://www.rita.dot.gov/bts/sites/rita.dot.gov.bts/files/subject_areas/airline_information/passengers_denied_confirmed_space_report/2016/html/2016_4q.html
JetBlue Airways,0,8,0,"1,028",0,"1,036",8,439,0,86,"8,719,175",$0,"$10,950","$197,966",2016_4q,https://www.rita.dot.gov/bts/sites/rita.dot.gov.bts/files/subject_areas/airline_information/passengers_denied_confirmed_space_report/2016/html/2016_4q.html
SkyWest Airlines,43,540,37,126,12,758,709,"10,680","5,513","1,576","7,411,535","$20,415","$350,807",$0,2016_4q,https://www.rita.dot.gov/bts/sites/rita.dot.gov.bts/files/subject_areas/airline_information/passengers_denied_confirmed_space_report/2016/html/2016_4q.html
Southwest Airlines,"1,511",462,0,0,"1,099","3,072","1,973","19,116",0,0,"38,502,306","$1,334,335","$373,531",$0,2016_4q,https://www.rita.dot.gov/bts/sites/rita.dot.gov.bts/files/subject_areas/airline_information/passengers_denied_confirmed_space_report/2016/html/2016_4q.html
Spirit Airlines,0,121,0,71,"303,960",121,121,"1,113",0,97,"4,850,101",$0,"$79,197",$0,2016_4q,https://www.rita.dot.gov/bts/sites/rita.dot.gov.bts/files/subject_areas/airline_information/passengers_denied_confirmed_space_report/2016/html/2016_4q.html
United Air Lines,22,545,19,296,9,891,866,"15,696","5,463","2,865","22,398,395","$6,894","$489,146",$0,2016_4q,https://www.rita.dot.gov/bts/sites/rita.dot.gov.bts/files/subject_areas/airline_information/passengers_denied_confirmed_space_report/2016/html/2016_4q.html
Virgin America,15,0,1,0,1,17,16,611,29,2,"2,017,391","$15,199",$0,"$271,828",2016_4q,https://www.rita.dot.gov/bts/sites/rita.dot.gov.bts/files/subject_areas/airline_information/passengers_denied_confirmed_space_report/2016/html/2016_4q.html
Alaska Airlines,0,140,0,4,41,185,140,"1,627",62,8,"6,321,507",$0,"$228,906",$0,2016_3q,https://www.rita.dot.gov/bts/sites/rita.dot.gov.bts/files/subject_areas/airline_information/passengers_denied_confirmed_space_report/2016/html/2016_3q.html
American Airlines,179,"1,298",0,652,27,"2,156","2,129","15,470",771,843,"33,773,358","$49,190","$1,211,835",$0,2016_3q,https://www.rita.dot.gov/bts/sites/rita.dot.gov.bts/files/subject_areas/airline_information/passengers_denied_confirmed_space_report/2016/html/2016_3q.html
Delta Air Lines,12,218,2,68,6,306,230,"33,387","25,493","32,208","33,949,408","$6,584","$258,501",$0,2016_3q,https://www.rita.dot.gov/bts/sites/rita.dot.gov.bts/files/subject_areas/airline_information/passengers_denied_confirmed_space_report/2016/html/2016_3q.html
ExpressJet,46,710,19,154,8,937,900,"9,180","4,267","1,885","5,445,840","$16,959","$622,663",$0,2016_3q,https://www.rita.dot.gov/bts/sites/rita.dot.gov.bts/files/subject_areas/airline_information/passengers_denied_confirmed_space_report/2016/html/2016_3q.html
Frontier Airlines,4,91,1,122,35,253,60,425,0,0,"4,129,349","$2,150","$33,174","$4,059",2016_3q,https://www.rita.dot.gov/bts/sites/rita.dot.gov.bts/files/subject_areas/airline_information/passengers_denied_confirmed_space_report/2016/html/2016_3q.html
Hawaiian Airlines,10,0,0,0,0,10,0,104,0,0,"2,854,932","$3,179",$0,"$7,500",2016_3q,https://www.rita.dot.gov/bts/sites/rita.dot.gov.bts/files/subject_areas/airline_information/passengers_denied_confirmed_space_report/2016/html/2016_3q.html
JetBlue Airways,5,12,0,"1,295",1,"1,313",17,480,1,7,"8,951,162","$6,750","$16,200","$212,402",2016_3q,https://www.rita.dot.gov/bts/sites/rita.dot.gov.bts/files/subject_areas/airline_information/passengers_denied_confirmed_space_report/2016/html/2016_3q.html
SkyWest Airlines,24,584,11,124,11,754,734,"10,868","7,562","1,562","7,961,031","$10,582","$394,304",$0,2016_3q,https://www.rita.dot.gov/bts/sites/rita.dot.gov.bts/files/subject_areas/airline_information/passengers_denied_confirmed_space_report/2016/html/2016_3q.html
Southwest Airlines,"2,158","1,132",0,0,"1,292","4,582","3,290","24,247",0,0,"38,561,412","$1,794,329","$990,799",$0,2016_3q,https://www.rita.dot.gov/bts/sites/rita.dot.gov.bts/files/subject_areas/airline_information/passengers_denied_confirmed_space_report/2016/html/2016_3q.html
Spirit Airlines,1,180,0,166,"272,510",181,181,"1,411",0,48,"5,053,081",$492,"$96,091",$0,2016_3q,https://www.rita.dot.gov/bts/sites/rita.dot.gov.bts/files/subject_areas/airline_information/passengers_denied_confirmed_space_report/2016/html/2016_3q.html
United Air Lines,26,464,37,518,29,"1,074","1,031","15,880","12,562","2,746","23,436,935","$10,346","$593,006",$0,2016_3q,https://www.rita.dot.gov/bts/sites/rita.dot.gov.bts/files/subject_areas/airline_information/passengers_denied_confirmed_space_report/2016/html/2016_3q.html
Virgin America,31,0,0,0,0,31,31,948,109,1,"2,137,471","$24,803",$0,"$409,781",2016_3q,https://www.rita.dot.gov/bts/sites/rita.dot.gov.bts/files/subject_areas/airline_information/passengers_denied_confirmed_space_report/2016/html/2016_3q.html
Alaska Airlines,0,176,0,27,62,265,176,"1,597",44,23,"6,059,214",$0,"$297,984",$0,2016_2q,https://www.rita.dot.gov/bts/sites/rita.dot.gov.bts/files/subject_areas/airline_information/passengers_denied_confirmed_space_report/2016/html/2016_2q.html
American Airlines,129,879,0,743,49,"1,800","1,751","12,217",501,494,"34,214,085","$41,385","$771,058",$0,2016_2q,https://www.rita.dot.gov/bts/sites/rita.dot.gov.bts/files/subject_areas/airline_information/passengers_denied_confirmed_space_report/2016/html/2016_2q.html
Delta Air Lines,9,234,4,46,9,302,243,"31,642","21,925","26,618","33,838,031","$4,696","$271,782","$7,100",2016_2q,https://www.rita.dot.gov/bts/sites/rita.dot.gov.bts/files/subject_areas/airline_information/passengers_denied_confirmed_space_report/2016/html/2016_2q.html
ExpressJet,38,561,17,222,9,847,823,"8,087","3,546","1,730","5,498,667","$18,690","$473,685",$0,2016_2q,https://www.rita.dot.gov/bts/sites/rita.dot.gov.bts/files/subject_areas/airline_information/passengers_denied_confirmed_space_report/2016/html/2016_2q.html
Frontier Airlines,10,176,3,59,26,274,61,842,0,0,"3,614,118","$3,894","$29,580","$4,258",2016_2q,https://www.rita.dot.gov/bts/sites/rita.dot.gov.bts/files/subject_areas/airline_information/passengers_denied_confirmed_space_report/2016/html/2016_2q.html
Hawaiian Airlines,18,0,0,0,0,18,0,59,0,0,"2,700,783","$10,430",$0,"$2,950",2016_2q,https://www.rita.dot.gov/bts/sites/rita.dot.gov.bts/files/subject_areas/airline_information/passengers_denied_confirmed_space_report/2016/html/2016_2q.html
JetBlue Airways,0,1,0,798,0,799,1,298,0,48,"8,795,633",$0,"$1,350","$109,199",2016_2q,https://www.rita.dot.gov/bts/sites/rita.dot.gov.bts/files/subject_areas/airline_information/passengers_denied_confirmed_space_report/2016/html/2016_2q.html
SkyWest Airlines,30,500,23,148,13,714,632,"10,391","4,892","1,656","7,755,643","$13,859","$363,153",$0,2016_2q,https://www.rita.dot.gov/bts/sites/rita.dot.gov.bts/files/subject_areas/airline_information/passengers_denied_confirmed_space_report/2016/html/2016_2q.html
Southwest Airlines,"2,045",753,0,0,"1,411","4,209","2,798","26,987",0,0,"39,198,316","$1,797,853","$697,735",$0,2016_2q,https://www.rita.dot.gov/bts/sites/rita.dot.gov.bts/files/subject_areas/airline_information/passengers_denied_confirmed_space_report/2016/html/2016_2q.html
Spirit Airlines,1,691,0,"1,249","273,680",692,692,"6,696",0,133,"5,005,877",$160,"$432,594",$0,2016_2q,https://www.rita.dot.gov/bts/sites/rita.dot.gov.bts/files/subject_areas/airline_information/passengers_denied_confirmed_space_report/2016/html/2016_2q.html
United Air Lines,25,417,52,350,27,871,824,"16,939","8,370","2,613","22,035,418","$13,572","$440,014",$0,2016_2q,https://www.rita.dot.gov/bts/sites/rita.dot.gov.bts/files/subject_areas/airline_information/passengers_denied_confirmed_space_report/2016/html/2016_2q.html
Virgin America,16,0,0,0,0,16,16,389,13,0,"2,050,950","$18,232",$0,"$153,228",2016_2q,https://www.rita.dot.gov/bts/sites/rita.dot.gov.bts/files/subject_areas/airline_information/passengers_denied_confirmed_space_report/2016/html/2016_2q.html
Alaska Airlines,0,196,0,20,68,284,196,"1,982",39,24,"5,344,476",$0,"$256,714",$0,2016_1q,https://www.rita.dot.gov/bts/sites/rita.dot.gov.bts/files/subject_areas/airline_information/passengers_denied_confirmed_space_report/2016/html/2016_1q.html
American Airlines,193,"1,162",0,"1,214",73,"2,642","2,569","14,766",515,669,"31,360,650","$61,295","$1,117,302",$0,2016_1q,https://www.rita.dot.gov/bts/sites/rita.dot.gov.bts/files/subject_areas/airline_information/passengers_denied_confirmed_space_report/2016/html/2016_1q.html
Delta Air Lines,4,227,14,55,4,304,231,"28,325","20,194","18,085","29,449,621","$2,243","$267,168","$3,762",2016_1q,https://www.rita.dot.gov/bts/sites/rita.dot.gov.bts/files/subject_areas/airline_information/passengers_denied_confirmed_space_report/2016/html/2016_1q.html
ExpressJet,32,562,18,138,7,757,710,"7,708","3,293","1,736","5,175,359","$12,765","$489,205",$500,2016_1q,https://www.rita.dot.gov/bts/sites/rita.dot.gov.bts/files/subject_areas/airline_information/passengers_denied_confirmed_space_report/2016/html/2016_1q.html
Frontier Airlines,4,91,1,47,18,161,38,379,0,0,"3,151,585","$1,452","$24,567","$2,011",2016_1q,https://www.rita.dot.gov/bts/sites/rita.dot.gov.bts/files/subject_areas/airline_information/passengers_denied_confirmed_space_report/2016/html/2016_1q.html
Hawaiian Airlines,2,0,0,0,0,2,0,37,0,0,"2,599,123",$0,$0,"$12,673",2016_1q,https://www.rita.dot.gov/bts/sites/rita.dot.gov.bts/files/subject_areas/airline_information/passengers_denied_confirmed_space_report/2016/html/2016_1q.html
JetBlue Airways,28,0,0,0,0,28,27,488,0,27,"8,244,033","$31,200",$0,"$221,911",2016_1q,https://www.rita.dot.gov/bts/sites/rita.dot.gov.bts/files/subject_areas/airline_information/passengers_denied_confirmed_space_report/2016/html/2016_1q.html
SkyWest Airlines,28,500,22,154,5,709,596,"9,537","4,007","1,948","6,858,709","$10,372","$385,672","$1,300",2016_1q,https://www.rita.dot.gov/bts/sites/rita.dot.gov.bts/files/subject_areas/airline_information/passengers_denied_confirmed_space_report/2016/html/2016_1q.html
Southwest Airlines,"1,483",417,0,0,"1,216","3,116","1,900","18,278",0,0,"34,393,320","$1,338,902","$378,987",$0,2016_1q,https://www.rita.dot.gov/bts/sites/rita.dot.gov.bts/files/subject_areas/airline_information/passengers_denied_confirmed_space_report/2016/html/2016_1q.html
Spirit Airlines,1,122,0,348,"246,266",123,123,"1,224",0,147,"4,509,591",$448,"$83,341",$0,2016_1q,https://www.rita.dot.gov/bts/sites/rita.dot.gov.bts/files/subject_areas/airline_information/passengers_denied_confirmed_space_report/2016/html/2016_1q.html
United Air Lines,19,379,26,489,16,929,903,"14,380","5,777","2,337","18,965,779","$15,683","$458,894",$0,2016_1q,https://www.rita.dot.gov/bts/sites/rita.dot.gov.bts/files/subject_areas/airline_information/passengers_denied_confirmed_space_report/2016/html/2016_1q.html
Virgin America,30,0,0,0,0,30,30,427,38,5,"1,739,517","$29,852","$3,114","$191,437",2016_1q,https://www.rita.dot.gov/bts/sites/rita.dot.gov.bts/files/subject_areas/airline_information/passengers_denied_confirmed_space_report/2016/html/2016_1q.html
